match_id,puuid,game_start_timestamp,game_end_timestamp,game_duration_sec,win,champion_played,kills,deaths,assists,rank,game_end_datetime
EUW1_7819850199,-J_E3WaL-A8We9ZiFSKNLTa_uO7bFVY-ZP1ynWupPJTqS6-80M4iuwkKExUz4nyxBmYFfbF_J-FNxw,1776115710562,1776117892039,2181,False,Ashe,5,12,15,SILVER II,2026-04-13 22:04:52.039
EUW1_7819807008,-J_E3WaL-A8We9ZiFSKNLTa_uO7bFVY-ZP1ynWupPJTqS6-80M4iuwkKExUz4nyxBmYFfbF_J-FNxw,1776113749004,1776115185946,1437,True,MissFortune,3,2,10,SILVER II,2026-04-13 21:19:45.946
EUW1_7819762618,-J_E3WaL-A8We9ZiFSKNLTa_uO7bFVY-ZP1ynWupPJTqS6-80M4iuwkKExUz4nyxBmYFfbF_J-FNxw,1776111734668,1776113420171,1685,False,Sion,3,13,3,SILVER II,2026-04-13 20:50:20.171
EUW1_7819585874,-J_E3WaL-A8We9ZiFSKNLTa_uO7bFVY-ZP1ynWupPJTqS6-80M4iuwkKExUz4nyxBmYFfbF_J-FNxw,1776104846858,1776106755974,1909,False,Chogath,5,7,3,SILVER II,2026-04-13 18:59:15.974
EUW1_7819438720,-J_E3WaL-A8We9ZiFSKNLTa_uO7bFVY-ZP1ynWupPJTqS6-80M4iuwkKExUz4nyxBmYFfbF_J-FNxw,1776097818950,1776099827763,2009,True,Pantheon,10,9,8,SILVER II,2026-04-13 17:03:47.763
EUW1_7819384081,-J_E3WaL-A8We9ZiFSKNLTa_uO7bFVY-ZP1ynWupPJTqS6-80M4iuwkKExUz4nyxBmYFfbF_J-FNxw,1776095028690,1776096957777,1929,True,Chogath,12,5,9,SILVER II,2026-04-13 16:15:57.777
EUW1_7819358056,-J_E3WaL-A8We9ZiFSKNLTa_uO7bFVY-ZP1ynWupPJTqS6-80M4iuwkKExUz4nyxBmYFfbF_J-FNxw,1776093365566,1776094715614,1350,False,Chogath,1,5,0,SILVER II,2026-04-13 15:38:35.614
EUW1_7819337534,-J_E3WaL-A8We9ZiFSKNLTa_uO7bFVY-ZP1ynWupPJTqS6-80M4iuwkKExUz4nyxBmYFfbF_J-FNxw,1776091790173,1776093106714,1316,True,Chogath,8,3,1,SILVER II,2026-04-13 15:11:46.714
EUW1_7819224516,-J_E3WaL-A8We9ZiFSKNLTa_uO7bFVY-ZP1ynWupPJTqS6-80M4iuwkKExUz4nyxBmYFfbF_J-FNxw,1776083390105,1776085543930,2154,False,Ashe,9,8,7,SILVER II,2026-04-13 13:05:43.930
EUW1_7818098712,-J_E3WaL-A8We9ZiFSKNLTa_uO7bFVY-ZP1ynWupPJTqS6-80M4iuwkKExUz4nyxBmYFfbF_J-FNxw,1775994117022,1775995752938,1636,False,Ashe,6,8,5,SILVER II,2026-04-12 12:09:12.938
EUW1_7817847477,-J_E3WaL-A8We9ZiFSKNLTa_uO7bFVY-ZP1ynWupPJTqS6-80M4iuwkKExUz4nyxBmYFfbF_J-FNxw,1775953884616,1775956454746,2570,True,Ashe,10,10,15,SILVER II,2026-04-12 01:14:14.746
EUW1_7817806359,-J_E3WaL-A8We9ZiFSKNLTa_uO7bFVY-ZP1ynWupPJTqS6-80M4iuwkKExUz4nyxBmYFfbF_J-FNxw,1775950948918,1775953569851,2621,False,Smolder,13,16,10,SILVER II,2026-04-12 00:26:09.851
EUW1_7815789724,-J_E3WaL-A8We9ZiFSKNLTa_uO7bFVY-ZP1ynWupPJTqS6-80M4iuwkKExUz4nyxBmYFfbF_J-FNxw,1775811123660,1775813475533,2352,True,MissFortune,16,9,9,SILVER II,2026-04-10 09:31:15.533
EUW1_7815772683,-J_E3WaL-A8We9ZiFSKNLTa_uO7bFVY-ZP1ynWupPJTqS6-80M4iuwkKExUz4nyxBmYFfbF_J-FNxw,1775809230042,1775810850202,1620,False,Ashe,3,3,4,SILVER II,2026-04-10 08:47:30.202
EUW1_7812902236,-J_E3WaL-A8We9ZiFSKNLTa_uO7bFVY-ZP1ynWupPJTqS6-80M4iuwkKExUz4nyxBmYFfbF_J-FNxw,1775550104829,1775551898381,1793,False,Samira,0,10,7,SILVER II,2026-04-07 08:51:38.381
EUW1_7812896977,-J_E3WaL-A8We9ZiFSKNLTa_uO7bFVY-ZP1ynWupPJTqS6-80M4iuwkKExUz4nyxBmYFfbF_J-FNxw,1775548891988,1775549825886,934,True,Ashe,5,1,6,SILVER II,2026-04-07 08:17:05.886
EUW1_7808448288,-J_E3WaL-A8We9ZiFSKNLTa_uO7bFVY-ZP1ynWupPJTqS6-80M4iuwkKExUz4nyxBmYFfbF_J-FNxw,1775215273142,1775217546280,2273,True,Ashe,11,10,21,SILVER II,2026-04-03 11:59:06.280
EUW1_7808072798,-J_E3WaL-A8We9ZiFSKNLTa_uO7bFVY-ZP1ynWupPJTqS6-80M4iuwkKExUz4nyxBmYFfbF_J-FNxw,1775167568048,1775170046503,2478,False,KogMaw,4,10,6,SILVER II,2026-04-02 22:47:26.503
EUW1_7808030521,-J_E3WaL-A8We9ZiFSKNLTa_uO7bFVY-ZP1ynWupPJTqS6-80M4iuwkKExUz4nyxBmYFfbF_J-FNxw,1775165576137,1775167302931,1727,True,Twitch,6,9,7,SILVER II,2026-04-02 22:01:42.931
EUW1_7807816808,-J_E3WaL-A8We9ZiFSKNLTa_uO7bFVY-ZP1ynWupPJTqS6-80M4iuwkKExUz4nyxBmYFfbF_J-FNxw,1775157348328,1775159343472,1995,False,Caitlyn,4,8,5,SILVER II,2026-04-02 19:49:03.472
EUW1_7807507019,-J_E3WaL-A8We9ZiFSKNLTa_uO7bFVY-ZP1ynWupPJTqS6-80M4iuwkKExUz4nyxBmYFfbF_J-FNxw,1775142087774,1775144000055,1912,True,Smolder,5,7,8,SILVER II,2026-04-02 15:33:20.055
EUW1_7807450724,-J_E3WaL-A8We9ZiFSKNLTa_uO7bFVY-ZP1ynWupPJTqS6-80M4iuwkKExUz4nyxBmYFfbF_J-FNxw,1775138788396,1775141180091,2392,True,Caitlyn,4,5,11,SILVER II,2026-04-02 14:46:20.091
EUW1_7807339752,-J_E3WaL-A8We9ZiFSKNLTa_uO7bFVY-ZP1ynWupPJTqS6-80M4iuwkKExUz4nyxBmYFfbF_J-FNxw,1775130513727,1775132451956,1938,False,MissFortune,8,9,9,SILVER II,2026-04-02 12:20:51.956
EUW1_7806234339,-J_E3WaL-A8We9ZiFSKNLTa_uO7bFVY-ZP1ynWupPJTqS6-80M4iuwkKExUz4nyxBmYFfbF_J-FNxw,1775040563762,1775043343087,2779,True,Smolder,10,12,12,SILVER II,2026-04-01 11:35:43.087
EUW1_7806216068,-J_E3WaL-A8We9ZiFSKNLTa_uO7bFVY-ZP1ynWupPJTqS6-80M4iuwkKExUz4nyxBmYFfbF_J-FNxw,1775038192868,1775040302446,2110,False,Ezreal,1,13,10,SILVER II,2026-04-01 10:45:02.446
EUW1_7803004470,-J_E3WaL-A8We9ZiFSKNLTa_uO7bFVY-ZP1ynWupPJTqS6-80M4iuwkKExUz4nyxBmYFfbF_J-FNxw,1774783891069,1774785739630,1848,False,MissFortune,5,7,2,SILVER II,2026-03-29 12:02:19.630
EUW1_7802616617,-J_E3WaL-A8We9ZiFSKNLTa_uO7bFVY-ZP1ynWupPJTqS6-80M4iuwkKExUz4nyxBmYFfbF_J-FNxw,1774738758215,1774740443844,1685,True,Ashe,6,9,14,SILVER II,2026-03-28 23:27:23.844
EUW1_7802542238,-J_E3WaL-A8We9ZiFSKNLTa_uO7bFVY-ZP1ynWupPJTqS6-80M4iuwkKExUz4nyxBmYFfbF_J-FNxw,1774736011450,1774738541425,2530,False,XinZhao,13,13,10,SILVER II,2026-03-28 22:55:41.425
EUW1_7802523656,-J_E3WaL-A8We9ZiFSKNLTa_uO7bFVY-ZP1ynWupPJTqS6-80M4iuwkKExUz4nyxBmYFfbF_J-FNxw,1774735064737,1774735732302,667,False,KogMaw,3,5,4,SILVER II,2026-03-28 22:08:52.302
EUW1_7802035815,-J_E3WaL-A8We9ZiFSKNLTa_uO7bFVY-ZP1ynWupPJTqS6-80M4iuwkKExUz4nyxBmYFfbF_J-FNxw,1774714726960,1774716362062,1635,False,Smolder,4,7,5,SILVER II,2026-03-28 16:46:02.062
EUW1_7801963254,-J_E3WaL-A8We9ZiFSKNLTa_uO7bFVY-ZP1ynWupPJTqS6-80M4iuwkKExUz4nyxBmYFfbF_J-FNxw,1774711531924,1774713534421,2002,True,MissFortune,14,13,11,SILVER II,2026-03-28 15:58:54.421
EUW1_7799284469,-J_E3WaL-A8We9ZiFSKNLTa_uO7bFVY-ZP1ynWupPJTqS6-80M4iuwkKExUz4nyxBmYFfbF_J-FNxw,1774532283117,1774533772530,1489,False,KogMaw,4,6,1,SILVER II,2026-03-26 14:02:52.530
EUW1_7799005551,-J_E3WaL-A8We9ZiFSKNLTa_uO7bFVY-ZP1ynWupPJTqS6-80M4iuwkKExUz4nyxBmYFfbF_J-FNxw,1774495723670,1774496667768,944,True,KogMaw,2,3,3,SILVER II,2026-03-26 03:44:27.768
EUW1_7798997519,-J_E3WaL-A8We9ZiFSKNLTa_uO7bFVY-ZP1ynWupPJTqS6-80M4iuwkKExUz4nyxBmYFfbF_J-FNxw,1774493442112,1774495368504,1926,False,Akali,3,7,5,SILVER II,2026-03-26 03:22:48.504
EUW1_7798972655,-J_E3WaL-A8We9ZiFSKNLTa_uO7bFVY-ZP1ynWupPJTqS6-80M4iuwkKExUz4nyxBmYFfbF_J-FNxw,1774488203973,1774490528610,2324,False,Ashe,13,10,10,SILVER II,2026-03-26 02:02:08.610
EUW1_7798957062,-J_E3WaL-A8We9ZiFSKNLTa_uO7bFVY-ZP1ynWupPJTqS6-80M4iuwkKExUz4nyxBmYFfbF_J-FNxw,1774486449308,1774487555717,1106,True,KogMaw,3,5,4,SILVER II,2026-03-26 01:12:35.717
EUW1_7798940728,-J_E3WaL-A8We9ZiFSKNLTa_uO7bFVY-ZP1ynWupPJTqS6-80M4iuwkKExUz4nyxBmYFfbF_J-FNxw,1774484385125,1774486172364,1787,True,KogMaw,14,5,7,SILVER II,2026-03-26 00:49:32.364
EUW1_7794768493,-J_E3WaL-A8We9ZiFSKNLTa_uO7bFVY-ZP1ynWupPJTqS6-80M4iuwkKExUz4nyxBmYFfbF_J-FNxw,1774272195157,1774274546366,2351,False,Samira,10,10,2,SILVER II,2026-03-23 14:02:26.366
EUW1_7794695889,-J_E3WaL-A8We9ZiFSKNLTa_uO7bFVY-ZP1ynWupPJTqS6-80M4iuwkKExUz4nyxBmYFfbF_J-FNxw,1774269040662,1774271156292,2116,False,Caitlyn,1,9,2,SILVER II,2026-03-23 13:05:56.292
EUW1_7792901789,-J_E3WaL-A8We9ZiFSKNLTa_uO7bFVY-ZP1ynWupPJTqS6-80M4iuwkKExUz4nyxBmYFfbF_J-FNxw,1774186195458,1774187780783,1585,False,Caitlyn,8,9,5,SILVER II,2026-03-22 13:56:20.783
EUW1_7789101402,-J_E3WaL-A8We9ZiFSKNLTa_uO7bFVY-ZP1ynWupPJTqS6-80M4iuwkKExUz4nyxBmYFfbF_J-FNxw,1774005704224,1774007468329,1764,True,Samira,4,12,8,SILVER II,2026-03-20 11:51:08.329
EUW1_7785538075,-J_E3WaL-A8We9ZiFSKNLTa_uO7bFVY-ZP1ynWupPJTqS6-80M4iuwkKExUz4nyxBmYFfbF_J-FNxw,1773797257436,1773799017066,1759,False,Ezreal,4,10,7,SILVER II,2026-03-18 01:56:57.066
EUW1_7785504639,-J_E3WaL-A8We9ZiFSKNLTa_uO7bFVY-ZP1ynWupPJTqS6-80M4iuwkKExUz4nyxBmYFfbF_J-FNxw,1773795058723,1773797033395,1975,True,Ashe,2,3,8,SILVER II,2026-03-18 01:23:53.395
EUW1_7784415166,-J_E3WaL-A8We9ZiFSKNLTa_uO7bFVY-ZP1ynWupPJTqS6-80M4iuwkKExUz4nyxBmYFfbF_J-FNxw,1773755700738,1773758107023,2406,False,Samira,3,10,3,SILVER II,2026-03-17 14:35:07.023
EUW1_7784336424,-J_E3WaL-A8We9ZiFSKNLTa_uO7bFVY-ZP1ynWupPJTqS6-80M4iuwkKExUz4nyxBmYFfbF_J-FNxw,1773752029491,1773753832622,1803,True,Samira,11,6,9,SILVER II,2026-03-17 13:23:52.622
EUW1_7783514048,-J_E3WaL-A8We9ZiFSKNLTa_uO7bFVY-ZP1ynWupPJTqS6-80M4iuwkKExUz4nyxBmYFfbF_J-FNxw,1773697019416,1773698987419,1968,False,MissFortune,11,12,5,SILVER II,2026-03-16 22:09:47.419
EUW1_7782903367,-J_E3WaL-A8We9ZiFSKNLTa_uO7bFVY-ZP1ynWupPJTqS6-80M4iuwkKExUz4nyxBmYFfbF_J-FNxw,1773678007576,1773680224110,2216,True,Chogath,5,12,6,SILVER II,2026-03-16 16:57:04.110
EUW1_7782774549,-J_E3WaL-A8We9ZiFSKNLTa_uO7bFVY-ZP1ynWupPJTqS6-80M4iuwkKExUz4nyxBmYFfbF_J-FNxw,1773672433376,1773674047540,1614,False,Samira,5,7,5,SILVER II,2026-03-16 15:14:07.540
EUW1_7782708828,-J_E3WaL-A8We9ZiFSKNLTa_uO7bFVY-ZP1ynWupPJTqS6-80M4iuwkKExUz4nyxBmYFfbF_J-FNxw,1773669704088,1773671327225,1623,True,Ashe,3,3,10,SILVER II,2026-03-16 14:28:47.225
EUW1_7782098926,-J_E3WaL-A8We9ZiFSKNLTa_uO7bFVY-ZP1ynWupPJTqS6-80M4iuwkKExUz4nyxBmYFfbF_J-FNxw,1773623330755,1773625538207,2207,True,Samira,23,9,8,SILVER II,2026-03-16 01:45:38.207
EUW1_7782059484,-J_E3WaL-A8We9ZiFSKNLTa_uO7bFVY-ZP1ynWupPJTqS6-80M4iuwkKExUz4nyxBmYFfbF_J-FNxw,1773620909319,1773623114893,2205,True,Smolder,6,7,12,SILVER II,2026-03-16 01:05:14.893
EUW1_7777735839,-J_E3WaL-A8We9ZiFSKNLTa_uO7bFVY-ZP1ynWupPJTqS6-80M4iuwkKExUz4nyxBmYFfbF_J-FNxw,1773431716696,1773433099599,1383,False,Corki,1,6,2,SILVER II,2026-03-13 20:18:19.599
EUW1_7777277230,-J_E3WaL-A8We9ZiFSKNLTa_uO7bFVY-ZP1ynWupPJTqS6-80M4iuwkKExUz4nyxBmYFfbF_J-FNxw,1773414715128,1773416518225,1803,False,MissFortune,11,9,9,SILVER II,2026-03-13 15:41:58.225
EUW1_7776484639,-J_E3WaL-A8We9ZiFSKNLTa_uO7bFVY-ZP1ynWupPJTqS6-80M4iuwkKExUz4nyxBmYFfbF_J-FNxw,1773358065764,1773359829252,1763,True,Samira,9,5,4,SILVER II,2026-03-12 23:57:09.252
EUW1_7667276613,-J_E3WaL-A8We9ZiFSKNLTa_uO7bFVY-ZP1ynWupPJTqS6-80M4iuwkKExUz4nyxBmYFfbF_J-FNxw,1767313337405,1767315432763,2095,False,Garen,4,9,7,SILVER II,2026-01-02 00:57:12.763
EUW1_7666405571,-J_E3WaL-A8We9ZiFSKNLTa_uO7bFVY-ZP1ynWupPJTqS6-80M4iuwkKExUz4nyxBmYFfbF_J-FNxw,1767280567694,1767282502437,1935,True,Teemo,4,11,5,SILVER II,2026-01-01 15:48:22.437
EUW1_7660804142,-J_E3WaL-A8We9ZiFSKNLTa_uO7bFVY-ZP1ynWupPJTqS6-80M4iuwkKExUz4nyxBmYFfbF_J-FNxw,1766887634116,1766889615050,1981,True,Ashe,3,9,12,SILVER II,2025-12-28 02:40:15.050
EUW1_7593076093,-J_E3WaL-A8We9ZiFSKNLTa_uO7bFVY-ZP1ynWupPJTqS6-80M4iuwkKExUz4nyxBmYFfbF_J-FNxw,1762357001416,1762358998548,1997,False,Ashe,4,10,6,SILVER II,2025-11-05 16:09:58.548
EUW1_7593051364,-J_E3WaL-A8We9ZiFSKNLTa_uO7bFVY-ZP1ynWupPJTqS6-80M4iuwkKExUz4nyxBmYFfbF_J-FNxw,1762355213174,1762356543907,1331,False,Sivir,1,11,4,SILVER II,2025-11-05 15:29:03.907
EUW1_7591783516,-J_E3WaL-A8We9ZiFSKNLTa_uO7bFVY-ZP1ynWupPJTqS6-80M4iuwkKExUz4nyxBmYFfbF_J-FNxw,1762219265554,1762219377946,112,True,Sivir,0,0,0,SILVER II,2025-11-04 01:22:57.946
EUW1_7591662863,-J_E3WaL-A8We9ZiFSKNLTa_uO7bFVY-ZP1ynWupPJTqS6-80M4iuwkKExUz4nyxBmYFfbF_J-FNxw,1762209488067,1762211456947,1969,True,Ashe,5,7,25,SILVER II,2025-11-03 23:10:56.947
EUW1_7591292814,-J_E3WaL-A8We9ZiFSKNLTa_uO7bFVY-ZP1ynWupPJTqS6-80M4iuwkKExUz4nyxBmYFfbF_J-FNxw,1762195615222,1762195721862,106,True,MissFortune,0,0,0,SILVER II,2025-11-03 18:48:41.862
EUW1_7542035682,-J_E3WaL-A8We9ZiFSKNLTa_uO7bFVY-ZP1ynWupPJTqS6-80M4iuwkKExUz4nyxBmYFfbF_J-FNxw,1758895084885,1758895192843,108,False,Nunu,0,0,0,SILVER II,2025-09-26 13:59:52.843
EUW1_7538159317,-J_E3WaL-A8We9ZiFSKNLTa_uO7bFVY-ZP1ynWupPJTqS6-80M4iuwkKExUz4nyxBmYFfbF_J-FNxw,1758733988657,1758736235690,2247,True,Ornn,2,11,14,SILVER II,2025-09-24 17:50:35.690
EUW1_7538116653,-J_E3WaL-A8We9ZiFSKNLTa_uO7bFVY-ZP1ynWupPJTqS6-80M4iuwkKExUz4nyxBmYFfbF_J-FNxw,1758731269124,1758733057205,1788,False,Ornn,4,10,5,SILVER II,2025-09-24 16:57:37.205
EUW1_7538051185,-J_E3WaL-A8We9ZiFSKNLTa_uO7bFVY-ZP1ynWupPJTqS6-80M4iuwkKExUz4nyxBmYFfbF_J-FNxw,1758727944646,1758730298419,2354,True,Ornn,10,9,19,SILVER II,2025-09-24 16:11:38.419
EUW1_7538002729,-J_E3WaL-A8We9ZiFSKNLTa_uO7bFVY-ZP1ynWupPJTqS6-80M4iuwkKExUz4nyxBmYFfbF_J-FNxw,1758724658735,1758726532430,1874,False,Chogath,6,11,2,SILVER II,2025-09-24 15:08:52.430
EUW1_7537961539,-J_E3WaL-A8We9ZiFSKNLTa_uO7bFVY-ZP1ynWupPJTqS6-80M4iuwkKExUz4nyxBmYFfbF_J-FNxw,1758721711463,1758723486880,1775,True,Ornn,5,8,8,SILVER II,2025-09-24 14:18:06.880
EUW1_7537298195,-J_E3WaL-A8We9ZiFSKNLTa_uO7bFVY-ZP1ynWupPJTqS6-80M4iuwkKExUz4nyxBmYFfbF_J-FNxw,1758650766687,1758653017011,2250,True,Ornn,7,11,21,SILVER II,2025-09-23 18:43:37.011
EUW1_7535297418,-J_E3WaL-A8We9ZiFSKNLTa_uO7bFVY-ZP1ynWupPJTqS6-80M4iuwkKExUz4nyxBmYFfbF_J-FNxw,1758470194872,1758472237044,2042,False,Ornn,7,9,10,SILVER II,2025-09-21 16:30:37.044
EUW1_7534408747,-J_E3WaL-A8We9ZiFSKNLTa_uO7bFVY-ZP1ynWupPJTqS6-80M4iuwkKExUz4nyxBmYFfbF_J-FNxw,1758393857936,1758395654996,1797,False,Ornn,5,11,10,SILVER II,2025-09-20 19:14:14.996
EUW1_7534369833,-J_E3WaL-A8We9ZiFSKNLTa_uO7bFVY-ZP1ynWupPJTqS6-80M4iuwkKExUz4nyxBmYFfbF_J-FNxw,1758391741259,1758393480942,1740,True,Ornn,3,4,6,SILVER II,2025-09-20 18:38:00.942
EUW1_7534355083,-J_E3WaL-A8We9ZiFSKNLTa_uO7bFVY-ZP1ynWupPJTqS6-80M4iuwkKExUz4nyxBmYFfbF_J-FNxw,1758391191066,1758391294827,104,False,Ornn,0,0,0,SILVER II,2025-09-20 18:01:34.827
EUW1_7534320673,-J_E3WaL-A8We9ZiFSKNLTa_uO7bFVY-ZP1ynWupPJTqS6-80M4iuwkKExUz4nyxBmYFfbF_J-FNxw,1758388714634,1758390515324,1801,True,Ornn,1,5,12,SILVER II,2025-09-20 17:48:35.324
EUW1_7534232303,-J_E3WaL-A8We9ZiFSKNLTa_uO7bFVY-ZP1ynWupPJTqS6-80M4iuwkKExUz4nyxBmYFfbF_J-FNxw,1758383912382,1758384949005,1036,True,Ornn,2,1,2,SILVER II,2025-09-20 16:15:49.005
EUW1_7534201228,-J_E3WaL-A8We9ZiFSKNLTa_uO7bFVY-ZP1ynWupPJTqS6-80M4iuwkKExUz4nyxBmYFfbF_J-FNxw,1758381843050,1758383384447,1541,False,Ornn,8,5,2,SILVER II,2025-09-20 15:49:44.447
EUW1_7534171569,-J_E3WaL-A8We9ZiFSKNLTa_uO7bFVY-ZP1ynWupPJTqS6-80M4iuwkKExUz4nyxBmYFfbF_J-FNxw,1758379670991,1758381505156,1834,False,Chogath,4,14,2,SILVER II,2025-09-20 15:18:25.156
EUW1_7534127193,-J_E3WaL-A8We9ZiFSKNLTa_uO7bFVY-ZP1ynWupPJTqS6-80M4iuwkKExUz4nyxBmYFfbF_J-FNxw,1758377450904,1758379287464,1837,True,Ornn,3,5,19,SILVER II,2025-09-20 14:41:27.464
EUW1_7533769100,-J_E3WaL-A8We9ZiFSKNLTa_uO7bFVY-ZP1ynWupPJTqS6-80M4iuwkKExUz4nyxBmYFfbF_J-FNxw,1758329647724,1758331721948,2074,True,Thresh,0,12,29,SILVER II,2025-09-20 01:28:41.948
EUW1_7533365688,-J_E3WaL-A8We9ZiFSKNLTa_uO7bFVY-ZP1ynWupPJTqS6-80M4iuwkKExUz4nyxBmYFfbF_J-FNxw,1758306209096,1758308516265,2307,True,Ornn,9,9,16,SILVER II,2025-09-19 19:01:56.265
EUW1_7532672947,-J_E3WaL-A8We9ZiFSKNLTa_uO7bFVY-ZP1ynWupPJTqS6-80M4iuwkKExUz4nyxBmYFfbF_J-FNxw,1758229629026,1758231899256,2270,False,Ornn,5,6,6,SILVER II,2025-09-18 21:44:59.256
EUW1_7532637799,-J_E3WaL-A8We9ZiFSKNLTa_uO7bFVY-ZP1ynWupPJTqS6-80M4iuwkKExUz4nyxBmYFfbF_J-FNxw,1758227673532,1758229210777,1539,False,Ornn,3,7,3,SILVER II,2025-09-18 21:00:10.777
EUW1_7532590293,-J_E3WaL-A8We9ZiFSKNLTa_uO7bFVY-ZP1ynWupPJTqS6-80M4iuwkKExUz4nyxBmYFfbF_J-FNxw,1758225726888,1758227085154,1358,True,Ornn,2,2,8,SILVER II,2025-09-18 20:24:45.154
EUW1_7532542670,-J_E3WaL-A8We9ZiFSKNLTa_uO7bFVY-ZP1ynWupPJTqS6-80M4iuwkKExUz4nyxBmYFfbF_J-FNxw,1758223371502,1758224430825,1059,True,Ornn,1,4,6,SILVER II,2025-09-18 19:40:30.825
EUW1_7532496610,-J_E3WaL-A8We9ZiFSKNLTa_uO7bFVY-ZP1ynWupPJTqS6-80M4iuwkKExUz4nyxBmYFfbF_J-FNxw,1758220917161,1758222976128,2059,False,Ornn,5,6,13,SILVER II,2025-09-18 19:16:16.128
EUW1_7532454135,-J_E3WaL-A8We9ZiFSKNLTa_uO7bFVY-ZP1ynWupPJTqS6-80M4iuwkKExUz4nyxBmYFfbF_J-FNxw,1758219236971,1758220693373,1456,True,Ornn,4,5,10,SILVER II,2025-09-18 18:38:13.373
EUW1_7532424617,-J_E3WaL-A8We9ZiFSKNLTa_uO7bFVY-ZP1ynWupPJTqS6-80M4iuwkKExUz4nyxBmYFfbF_J-FNxw,1758217364317,1758218850817,1486,True,Ornn,4,4,10,SILVER II,2025-09-18 18:07:30.817
EUW1_7532377694,-J_E3WaL-A8We9ZiFSKNLTa_uO7bFVY-ZP1ynWupPJTqS6-80M4iuwkKExUz4nyxBmYFfbF_J-FNxw,1758214912133,1758217083858,2172,True,Ornn,5,2,15,SILVER II,2025-09-18 17:38:03.858
EUW1_7532328010,-J_E3WaL-A8We9ZiFSKNLTa_uO7bFVY-ZP1ynWupPJTqS6-80M4iuwkKExUz4nyxBmYFfbF_J-FNxw,1758212164363,1758214407068,2243,True,Ornn,1,9,18,SILVER II,2025-09-18 16:53:27.068
EUW1_7531648129,-J_E3WaL-A8We9ZiFSKNLTa_uO7bFVY-ZP1ynWupPJTqS6-80M4iuwkKExUz4nyxBmYFfbF_J-FNxw,1758137648527,1758139592175,1943,False,Morgana,2,7,5,SILVER II,2025-09-17 20:06:32.175
EUW1_7531630796,-J_E3WaL-A8We9ZiFSKNLTa_uO7bFVY-ZP1ynWupPJTqS6-80M4iuwkKExUz4nyxBmYFfbF_J-FNxw,1758136959649,1758137299127,339,True,Morgana,0,0,2,SILVER II,2025-09-17 19:28:19.127
EUW1_7531336137,-J_E3WaL-A8We9ZiFSKNLTa_uO7bFVY-ZP1ynWupPJTqS6-80M4iuwkKExUz4nyxBmYFfbF_J-FNxw,1758121166491,1758122865697,1699,False,Chogath,1,9,1,SILVER II,2025-09-17 15:27:45.697
EUW1_7530082872,-J_E3WaL-A8We9ZiFSKNLTa_uO7bFVY-ZP1ynWupPJTqS6-80M4iuwkKExUz4nyxBmYFfbF_J-FNxw,1757988419457,1757990818651,2399,True,Chogath,7,8,6,SILVER II,2025-09-16 02:46:58.651
EUW1_7530073030,-J_E3WaL-A8We9ZiFSKNLTa_uO7bFVY-ZP1ynWupPJTqS6-80M4iuwkKExUz4nyxBmYFfbF_J-FNxw,1757985743318,1757987811297,2068,False,Sett,8,9,5,SILVER II,2025-09-16 01:56:51.297
EUW1_7529137129,-J_E3WaL-A8We9ZiFSKNLTa_uO7bFVY-ZP1ynWupPJTqS6-80M4iuwkKExUz4nyxBmYFfbF_J-FNxw,1757900739341,1757901998843,1259,False,Pantheon,2,9,1,SILVER II,2025-09-15 02:06:38.843
EUW1_7529122947,-J_E3WaL-A8We9ZiFSKNLTa_uO7bFVY-ZP1ynWupPJTqS6-80M4iuwkKExUz4nyxBmYFfbF_J-FNxw,1757897257060,1757900113361,2856,False,Chogath,16,12,14,SILVER II,2025-09-15 01:35:13.361
EUW1_7529112593,-J_E3WaL-A8We9ZiFSKNLTa_uO7bFVY-ZP1ynWupPJTqS6-80M4iuwkKExUz4nyxBmYFfbF_J-FNxw,1757894831335,1757896783138,1952,True,Chogath,9,3,5,SILVER II,2025-09-15 00:39:43.138
EUW1_7529093117,-J_E3WaL-A8We9ZiFSKNLTa_uO7bFVY-ZP1ynWupPJTqS6-80M4iuwkKExUz4nyxBmYFfbF_J-FNxw,1757892858803,1757894557982,1699,False,Chogath,3,5,3,SILVER II,2025-09-15 00:02:37.982
EUW1_7529075656,-J_E3WaL-A8We9ZiFSKNLTa_uO7bFVY-ZP1ynWupPJTqS6-80M4iuwkKExUz4nyxBmYFfbF_J-FNxw,1757890779913,1757892523205,1743,True,Chogath,9,4,5,SILVER II,2025-09-14 23:28:43.205
EUW1_7528454725,-J_E3WaL-A8We9ZiFSKNLTa_uO7bFVY-ZP1ynWupPJTqS6-80M4iuwkKExUz4nyxBmYFfbF_J-FNxw,1757860826026,1757863052346,2226,True,Chogath,18,7,11,SILVER II,2025-09-14 15:17:32.346
EUW1_7528382281,-J_E3WaL-A8We9ZiFSKNLTa_uO7bFVY-ZP1ynWupPJTqS6-80M4iuwkKExUz4nyxBmYFfbF_J-FNxw,1757857368683,1757859476875,2108,False,Mordekaiser,5,11,8,SILVER II,2025-09-14 14:17:56.875
EUW1_7528348867,-J_E3WaL-A8We9ZiFSKNLTa_uO7bFVY-ZP1ynWupPJTqS6-80M4iuwkKExUz4nyxBmYFfbF_J-FNxw,1757855568760,1757856987517,1419,False,Chogath,6,9,4,SILVER II,2025-09-14 13:36:27.517
EUW1_7527441018,-J_E3WaL-A8We9ZiFSKNLTa_uO7bFVY-ZP1ynWupPJTqS6-80M4iuwkKExUz4nyxBmYFfbF_J-FNxw,1757778511597,1757780251362,1740,False,Chogath,0,12,2,SILVER II,2025-09-13 16:17:31.362
EUW1_7527401153,-J_E3WaL-A8We9ZiFSKNLTa_uO7bFVY-ZP1ynWupPJTqS6-80M4iuwkKExUz4nyxBmYFfbF_J-FNxw,1757776350487,1757778261972,1911,False,DrMundo,3,10,5,SILVER II,2025-09-13 15:44:21.972
EUW1_7527012553,-J_E3WaL-A8We9ZiFSKNLTa_uO7bFVY-ZP1ynWupPJTqS6-80M4iuwkKExUz4nyxBmYFfbF_J-FNxw,1757740528184,1757742396379,1868,False,Chogath,9,8,5,SILVER II,2025-09-13 05:46:36.379
EUW1_7527004071,-J_E3WaL-A8We9ZiFSKNLTa_uO7bFVY-ZP1ynWupPJTqS6-80M4iuwkKExUz4nyxBmYFfbF_J-FNxw,1757738518986,1757740070303,1551,False,Chogath,3,5,2,SILVER II,2025-09-13 05:07:50.303
EUW1_7527003602,-J_E3WaL-A8We9ZiFSKNLTa_uO7bFVY-ZP1ynWupPJTqS6-80M4iuwkKExUz4nyxBmYFfbF_J-FNxw,1757736074396,1757737661855,1587,True,Xerath,12,1,14,SILVER II,2025-09-13 04:27:41.855
EUW1_7526995146,-J_E3WaL-A8We9ZiFSKNLTa_uO7bFVY-ZP1ynWupPJTqS6-80M4iuwkKExUz4nyxBmYFfbF_J-FNxw,1757733969276,1757735449793,1480,True,Chogath,6,3,5,SILVER II,2025-09-13 03:50:49.793
EUW1_7526987017,-J_E3WaL-A8We9ZiFSKNLTa_uO7bFVY-ZP1ynWupPJTqS6-80M4iuwkKExUz4nyxBmYFfbF_J-FNxw,1757731579676,1757733370984,1791,True,Chogath,7,2,3,SILVER II,2025-09-13 03:16:10.984
EUW1_7525989419,-J_E3WaL-A8We9ZiFSKNLTa_uO7bFVY-ZP1ynWupPJTqS6-80M4iuwkKExUz4nyxBmYFfbF_J-FNxw,1757648294069,1757650167752,1874,True,Chogath,9,8,8,SILVER II,2025-09-12 04:09:27.752
EUW1_7525990559,-J_E3WaL-A8We9ZiFSKNLTa_uO7bFVY-ZP1ynWupPJTqS6-80M4iuwkKExUz4nyxBmYFfbF_J-FNxw,1757646027270,1757647987268,1960,True,Chogath,4,4,12,SILVER II,2025-09-12 03:33:07.268
EUW1_7525977347,-J_E3WaL-A8We9ZiFSKNLTa_uO7bFVY-ZP1ynWupPJTqS6-80M4iuwkKExUz4nyxBmYFfbF_J-FNxw,1757643413242,1757645492353,2079,True,Chogath,6,6,5,SILVER II,2025-09-12 02:51:32.353
EUW1_7525970986,-J_E3WaL-A8We9ZiFSKNLTa_uO7bFVY-ZP1ynWupPJTqS6-80M4iuwkKExUz4nyxBmYFfbF_J-FNxw,1757640905399,1757642877633,1972,False,Malzahar,2,11,5,SILVER II,2025-09-12 02:07:57.633
EUW1_7525965618,-J_E3WaL-A8We9ZiFSKNLTa_uO7bFVY-ZP1ynWupPJTqS6-80M4iuwkKExUz4nyxBmYFfbF_J-FNxw,1757638214821,1757640442001,2227,False,Malzahar,4,7,4,SILVER II,2025-09-12 01:27:22.001
EUW1_7525941399,-J_E3WaL-A8We9ZiFSKNLTa_uO7bFVY-ZP1ynWupPJTqS6-80M4iuwkKExUz4nyxBmYFfbF_J-FNxw,1757635921340,1757637879700,1958,False,Sett,3,6,5,SILVER II,2025-09-12 00:44:39.700
EUW1_7525916162,-J_E3WaL-A8We9ZiFSKNLTa_uO7bFVY-ZP1ynWupPJTqS6-80M4iuwkKExUz4nyxBmYFfbF_J-FNxw,1757632852174,1757635553681,2701,True,Chogath,16,8,13,SILVER II,2025-09-12 00:05:53.681
EUW1_7525889756,-J_E3WaL-A8We9ZiFSKNLTa_uO7bFVY-ZP1ynWupPJTqS6-80M4iuwkKExUz4nyxBmYFfbF_J-FNxw,1757630142452,1757631890334,1748,True,Warwick,5,5,9,SILVER II,2025-09-11 23:04:50.334
EUW1_7525856924,-J_E3WaL-A8We9ZiFSKNLTa_uO7bFVY-ZP1ynWupPJTqS6-80M4iuwkKExUz4nyxBmYFfbF_J-FNxw,1757628130461,1757629816418,1686,False,Chogath,6,7,4,SILVER II,2025-09-11 22:30:16.418
EUW1_7525818413,-J_E3WaL-A8We9ZiFSKNLTa_uO7bFVY-ZP1ynWupPJTqS6-80M4iuwkKExUz4nyxBmYFfbF_J-FNxw,1757626207305,1757627590028,1383,True,Chogath,8,4,5,SILVER II,2025-09-11 21:53:10.028
EUW1_7525011728,-J_E3WaL-A8We9ZiFSKNLTa_uO7bFVY-ZP1ynWupPJTqS6-80M4iuwkKExUz4nyxBmYFfbF_J-FNxw,1757559085123,1757561183031,2098,False,Chogath,10,9,7,SILVER II,2025-09-11 03:26:23.031
EUW1_7524493724,-J_E3WaL-A8We9ZiFSKNLTa_uO7bFVY-ZP1ynWupPJTqS6-80M4iuwkKExUz4nyxBmYFfbF_J-FNxw,1757524143949,1757525920539,1776,True,Chogath,5,6,4,SILVER II,2025-09-10 17:38:40.539
EUW1_7524422713,-J_E3WaL-A8We9ZiFSKNLTa_uO7bFVY-ZP1ynWupPJTqS6-80M4iuwkKExUz4nyxBmYFfbF_J-FNxw,1757520544866,1757522080827,1536,True,Chogath,11,6,6,SILVER II,2025-09-10 16:34:40.827
EUW1_7524406388,-J_E3WaL-A8We9ZiFSKNLTa_uO7bFVY-ZP1ynWupPJTqS6-80M4iuwkKExUz4nyxBmYFfbF_J-FNxw,1757520100274,1757520204028,104,False,Sett,0,0,0,SILVER II,2025-09-10 16:03:24.028
EUW1_7524344869,-J_E3WaL-A8We9ZiFSKNLTa_uO7bFVY-ZP1ynWupPJTqS6-80M4iuwkKExUz4nyxBmYFfbF_J-FNxw,1757516093646,1757518429664,2336,True,Chogath,7,10,16,SILVER II,2025-09-10 15:33:49.664
EUW1_7524290889,-J_E3WaL-A8We9ZiFSKNLTa_uO7bFVY-ZP1ynWupPJTqS6-80M4iuwkKExUz4nyxBmYFfbF_J-FNxw,1757512745853,1757514884584,2139,True,Pantheon,13,7,10,SILVER II,2025-09-10 14:34:44.584
EUW1_7524268950,-J_E3WaL-A8We9ZiFSKNLTa_uO7bFVY-ZP1ynWupPJTqS6-80M4iuwkKExUz4nyxBmYFfbF_J-FNxw,1757511343765,1757512309310,965,True,Thresh,3,1,17,SILVER II,2025-09-10 13:51:49.310
EUW1_7523564214,-J_E3WaL-A8We9ZiFSKNLTa_uO7bFVY-ZP1ynWupPJTqS6-80M4iuwkKExUz4nyxBmYFfbF_J-FNxw,1757440446594,1757442406569,1960,False,Chogath,9,7,5,SILVER II,2025-09-09 18:26:46.569
EUW1_7523514096,-J_E3WaL-A8We9ZiFSKNLTa_uO7bFVY-ZP1ynWupPJTqS6-80M4iuwkKExUz4nyxBmYFfbF_J-FNxw,1757437724713,1757439988310,2263,False,Chogath,11,11,5,SILVER II,2025-09-09 17:46:28.310
EUW1_7523480960,-J_E3WaL-A8We9ZiFSKNLTa_uO7bFVY-ZP1ynWupPJTqS6-80M4iuwkKExUz4nyxBmYFfbF_J-FNxw,1757435976634,1757437426616,1450,False,Chogath,2,5,1,SILVER II,2025-09-09 17:03:46.616
EUW1_7523428790,-J_E3WaL-A8We9ZiFSKNLTa_uO7bFVY-ZP1ynWupPJTqS6-80M4iuwkKExUz4nyxBmYFfbF_J-FNxw,1757433035667,1757434844489,1809,False,Chogath,4,5,1,SILVER II,2025-09-09 16:20:44.489
EUW1_7522111234,-J_E3WaL-A8We9ZiFSKNLTa_uO7bFVY-ZP1ynWupPJTqS6-80M4iuwkKExUz4nyxBmYFfbF_J-FNxw,1757297451111,1757299442773,1991,False,Mordekaiser,8,13,7,SILVER II,2025-09-08 02:44:02.773
EUW1_7521394602,-J_E3WaL-A8We9ZiFSKNLTa_uO7bFVY-ZP1ynWupPJTqS6-80M4iuwkKExUz4nyxBmYFfbF_J-FNxw,1757252956946,1757254992265,2035,False,Chogath,4,10,5,SILVER II,2025-09-07 14:23:12.265
EUW1_7521358676,-J_E3WaL-A8We9ZiFSKNLTa_uO7bFVY-ZP1ynWupPJTqS6-80M4iuwkKExUz4nyxBmYFfbF_J-FNxw,1757250998331,1757252617427,1619,True,Renekton,2,5,11,SILVER II,2025-09-07 13:43:37.427
EUW1_7521291362,-J_E3WaL-A8We9ZiFSKNLTa_uO7bFVY-ZP1ynWupPJTqS6-80M4iuwkKExUz4nyxBmYFfbF_J-FNxw,1757247377576,1757249376070,1998,False,Teemo,3,11,6,SILVER II,2025-09-07 12:49:36.070
EUW1_7521254403,-J_E3WaL-A8We9ZiFSKNLTa_uO7bFVY-ZP1ynWupPJTqS6-80M4iuwkKExUz4nyxBmYFfbF_J-FNxw,1757245107950,1757246639960,1532,False,Garen,3,7,3,SILVER II,2025-09-07 12:03:59.960
EUW1_7521206560,-J_E3WaL-A8We9ZiFSKNLTa_uO7bFVY-ZP1ynWupPJTqS6-80M4iuwkKExUz4nyxBmYFfbF_J-FNxw,1757241286214,1757243633162,2347,True,Chogath,6,13,23,SILVER II,2025-09-07 11:13:53.162
EUW1_7520358448,-J_E3WaL-A8We9ZiFSKNLTa_uO7bFVY-ZP1ynWupPJTqS6-80M4iuwkKExUz4nyxBmYFfbF_J-FNxw,1757167946719,1757169262306,1315,False,Sett,3,8,1,SILVER II,2025-09-06 14:34:22.306
EUW1_7520301924,-J_E3WaL-A8We9ZiFSKNLTa_uO7bFVY-ZP1ynWupPJTqS6-80M4iuwkKExUz4nyxBmYFfbF_J-FNxw,1757164259683,1757166555072,2295,False,Chogath,9,9,7,SILVER II,2025-09-06 13:49:15.072
EUW1_7519900732,-J_E3WaL-A8We9ZiFSKNLTa_uO7bFVY-ZP1ynWupPJTqS6-80M4iuwkKExUz4nyxBmYFfbF_J-FNxw,1757112039877,1757113940482,1900,False,Chogath,3,5,3,SILVER II,2025-09-05 23:12:20.482
EUW1_7519845527,-J_E3WaL-A8We9ZiFSKNLTa_uO7bFVY-ZP1ynWupPJTqS6-80M4iuwkKExUz4nyxBmYFfbF_J-FNxw,1757108871690,1757110966118,2094,True,Nasus,2,9,9,SILVER II,2025-09-05 22:22:46.118
EUW1_7519782432,-J_E3WaL-A8We9ZiFSKNLTa_uO7bFVY-ZP1ynWupPJTqS6-80M4iuwkKExUz4nyxBmYFfbF_J-FNxw,1757106390576,1757108336838,1946,False,Chogath,4,8,4,SILVER II,2025-09-05 21:38:56.838
EUW1_7519304381,-J_E3WaL-A8We9ZiFSKNLTa_uO7bFVY-ZP1ynWupPJTqS6-80M4iuwkKExUz4nyxBmYFfbF_J-FNxw,1757080751768,1757082187142,1435,False,Chogath,1,9,5,SILVER II,2025-09-05 14:23:07.142
EUW1_7519257739,-J_E3WaL-A8We9ZiFSKNLTa_uO7bFVY-ZP1ynWupPJTqS6-80M4iuwkKExUz4nyxBmYFfbF_J-FNxw,1757077312156,1757079173509,1861,True,Chogath,10,2,6,SILVER II,2025-09-05 13:32:53.509
EUW1_7519220491,-J_E3WaL-A8We9ZiFSKNLTa_uO7bFVY-ZP1ynWupPJTqS6-80M4iuwkKExUz4nyxBmYFfbF_J-FNxw,1757074112109,1757076338707,2226,False,Sett,4,11,8,SILVER II,2025-09-05 12:45:38.707
EUW1_7518949853,-J_E3WaL-A8We9ZiFSKNLTa_uO7bFVY-ZP1ynWupPJTqS6-80M4iuwkKExUz4nyxBmYFfbF_J-FNxw,1757027191846,1757029312091,2120,True,Nasus,8,6,16,SILVER II,2025-09-04 23:41:52.091
EUW1_7518026218,-J_E3WaL-A8We9ZiFSKNLTa_uO7bFVY-ZP1ynWupPJTqS6-80M4iuwkKExUz4nyxBmYFfbF_J-FNxw,1756948349598,1756950739183,2389,False,Chogath,7,13,19,SILVER II,2025-09-04 01:52:19.183
EUW1_7518023489,-J_E3WaL-A8We9ZiFSKNLTa_uO7bFVY-ZP1ynWupPJTqS6-80M4iuwkKExUz4nyxBmYFfbF_J-FNxw,1756946157913,1756947961421,1803,False,Garen,8,8,4,SILVER II,2025-09-04 01:06:01.421
EUW1_7518011026,-J_E3WaL-A8We9ZiFSKNLTa_uO7bFVY-ZP1ynWupPJTqS6-80M4iuwkKExUz4nyxBmYFfbF_J-FNxw,1756944949048,1756945862966,914,False,Chogath,2,4,1,SILVER II,2025-09-04 00:31:02.966
EUW1_7517375054,-J_E3WaL-A8We9ZiFSKNLTa_uO7bFVY-ZP1ynWupPJTqS6-80M4iuwkKExUz4nyxBmYFfbF_J-FNxw,1756912075034,1756914541460,2466,True,Mordekaiser,6,10,8,SILVER II,2025-09-03 15:49:01.460
EUW1_7517332425,-J_E3WaL-A8We9ZiFSKNLTa_uO7bFVY-ZP1ynWupPJTqS6-80M4iuwkKExUz4nyxBmYFfbF_J-FNxw,1756909742886,1756911781339,2038,False,Chogath,1,8,3,SILVER II,2025-09-03 15:03:01.339
EUW1_7517284449,-J_E3WaL-A8We9ZiFSKNLTa_uO7bFVY-ZP1ynWupPJTqS6-80M4iuwkKExUz4nyxBmYFfbF_J-FNxw,1756906513045,1756908213948,1701,True,Chogath,9,5,17,SILVER II,2025-09-03 14:03:33.948
EUW1_7517245148,-J_E3WaL-A8We9ZiFSKNLTa_uO7bFVY-ZP1ynWupPJTqS6-80M4iuwkKExUz4nyxBmYFfbF_J-FNxw,1756903476276,1756905099021,1622,True,Chogath,6,3,1,SILVER II,2025-09-03 13:11:39.021
EUW1_7517015640,-J_E3WaL-A8We9ZiFSKNLTa_uO7bFVY-ZP1ynWupPJTqS6-80M4iuwkKExUz4nyxBmYFfbF_J-FNxw,1756862001442,1756863620551,1619,True,Sett,7,6,7,SILVER II,2025-09-03 01:40:20.551
EUW1_7517004508,-J_E3WaL-A8We9ZiFSKNLTa_uO7bFVY-ZP1ynWupPJTqS6-80M4iuwkKExUz4nyxBmYFfbF_J-FNxw,1756859821883,1756861613832,1792,True,Chogath,13,6,7,SILVER II,2025-09-03 01:06:53.832
EUW1_7516985646,-J_E3WaL-A8We9ZiFSKNLTa_uO7bFVY-ZP1ynWupPJTqS6-80M4iuwkKExUz4nyxBmYFfbF_J-FNxw,1756857398244,1756859319442,1921,True,Chogath,5,3,6,SILVER II,2025-09-03 00:28:39.442
EUW1_7516773133,-J_E3WaL-A8We9ZiFSKNLTa_uO7bFVY-ZP1ynWupPJTqS6-80M4iuwkKExUz4nyxBmYFfbF_J-FNxw,1756844823475,1756846769230,1945,False,Chogath,3,10,4,SILVER II,2025-09-02 20:59:29.230
EUW1_7516711736,-J_E3WaL-A8We9ZiFSKNLTa_uO7bFVY-ZP1ynWupPJTqS6-80M4iuwkKExUz4nyxBmYFfbF_J-FNxw,1756842279259,1756844192726,1913,True,Chogath,6,5,7,SILVER II,2025-09-02 20:16:32.726
EUW1_7516347641,-J_E3WaL-A8We9ZiFSKNLTa_uO7bFVY-ZP1ynWupPJTqS6-80M4iuwkKExUz4nyxBmYFfbF_J-FNxw,1756825365797,1756826285366,919,False,Nasus,2,1,0,SILVER II,2025-09-02 15:18:05.366
EUW1_7516298049,-J_E3WaL-A8We9ZiFSKNLTa_uO7bFVY-ZP1ynWupPJTqS6-80M4iuwkKExUz4nyxBmYFfbF_J-FNxw,1756822564087,1756824413351,1849,True,Sett,5,5,3,SILVER II,2025-09-02 14:46:53.351
EUW1_7515978375,-J_E3WaL-A8We9ZiFSKNLTa_uO7bFVY-ZP1ynWupPJTqS6-80M4iuwkKExUz4nyxBmYFfbF_J-FNxw,1756775794375,1756778176650,2382,False,Chogath,9,12,6,SILVER II,2025-09-02 01:56:16.650
EUW1_7515980813,-J_E3WaL-A8We9ZiFSKNLTa_uO7bFVY-ZP1ynWupPJTqS6-80M4iuwkKExUz4nyxBmYFfbF_J-FNxw,1756775253513,1756775407793,154,True,Chogath,0,0,0,SILVER II,2025-09-02 01:10:07.793
EUW1_7515969486,-J_E3WaL-A8We9ZiFSKNLTa_uO7bFVY-ZP1ynWupPJTqS6-80M4iuwkKExUz4nyxBmYFfbF_J-FNxw,1756772895096,1756774642783,1747,False,Olaf,2,6,0,SILVER II,2025-09-02 00:57:22.783
EUW1_7515945637,-J_E3WaL-A8We9ZiFSKNLTa_uO7bFVY-ZP1ynWupPJTqS6-80M4iuwkKExUz4nyxBmYFfbF_J-FNxw,1756769973454,1756771551692,1578,True,Veigar,5,3,5,SILVER II,2025-09-02 00:05:51.692
EUW1_7515266824,-J_E3WaL-A8We9ZiFSKNLTa_uO7bFVY-ZP1ynWupPJTqS6-80M4iuwkKExUz4nyxBmYFfbF_J-FNxw,1756738158001,1756739955960,1798,False,Mordekaiser,3,6,1,SILVER II,2025-09-01 15:19:15.960
EUW1_7515191728,-J_E3WaL-A8We9ZiFSKNLTa_uO7bFVY-ZP1ynWupPJTqS6-80M4iuwkKExUz4nyxBmYFfbF_J-FNxw,1756733406360,1756735395029,1988,False,Sett,3,8,0,SILVER II,2025-09-01 14:03:15.029
EUW1_7515162026,-J_E3WaL-A8We9ZiFSKNLTa_uO7bFVY-ZP1ynWupPJTqS6-80M4iuwkKExUz4nyxBmYFfbF_J-FNxw,1756731587476,1756732576321,989,True,Sett,4,4,4,SILVER II,2025-09-01 13:16:16.321
EUW1_7515082295,-J_E3WaL-A8We9ZiFSKNLTa_uO7bFVY-ZP1ynWupPJTqS6-80M4iuwkKExUz4nyxBmYFfbF_J-FNxw,1756725500754,1756727109753,1609,False,Chogath,5,6,6,SILVER II,2025-09-01 11:45:09.753
EUW1_7514360761,-J_E3WaL-A8We9ZiFSKNLTa_uO7bFVY-ZP1ynWupPJTqS6-80M4iuwkKExUz4nyxBmYFfbF_J-FNxw,1756660845727,1756662812041,1966,False,Chogath,4,6,4,SILVER II,2025-08-31 17:53:32.041
EUW1_7514287864,-J_E3WaL-A8We9ZiFSKNLTa_uO7bFVY-ZP1ynWupPJTqS6-80M4iuwkKExUz4nyxBmYFfbF_J-FNxw,1756657686878,1756659400407,1713,True,Sett,7,6,5,SILVER II,2025-08-31 16:56:40.407
EUW1_7514226142,-J_E3WaL-A8We9ZiFSKNLTa_uO7bFVY-ZP1ynWupPJTqS6-80M4iuwkKExUz4nyxBmYFfbF_J-FNxw,1756655206543,1756657309100,2102,True,Chogath,15,3,12,SILVER II,2025-08-31 16:21:49.100
EUW1_7513968771,-J_E3WaL-A8We9ZiFSKNLTa_uO7bFVY-ZP1ynWupPJTqS6-80M4iuwkKExUz4nyxBmYFfbF_J-FNxw,1756643378193,1756645665160,2287,True,Chogath,4,7,12,SILVER II,2025-08-31 13:07:45.160
EUW1_7513682056,-J_E3WaL-A8We9ZiFSKNLTa_uO7bFVY-ZP1ynWupPJTqS6-80M4iuwkKExUz4nyxBmYFfbF_J-FNxw,1756610328159,1756612699361,2371,False,Chogath,3,11,6,SILVER II,2025-08-31 03:58:19.361
EUW1_7513674362,-J_E3WaL-A8We9ZiFSKNLTa_uO7bFVY-ZP1ynWupPJTqS6-80M4iuwkKExUz4nyxBmYFfbF_J-FNxw,1756608565039,1756609807857,1242,True,Chogath,5,1,0,SILVER II,2025-08-31 03:10:07.857
EUW1_7513671850,-J_E3WaL-A8We9ZiFSKNLTa_uO7bFVY-ZP1ynWupPJTqS6-80M4iuwkKExUz4nyxBmYFfbF_J-FNxw,1756606701102,1756607987477,1286,True,Chogath,4,3,3,SILVER II,2025-08-31 02:39:47.477
EUW1_7513435002,-J_E3WaL-A8We9ZiFSKNLTa_uO7bFVY-ZP1ynWupPJTqS6-80M4iuwkKExUz4nyxBmYFfbF_J-FNxw,1756589253092,1756590993728,1740,True,Riven,10,5,1,SILVER II,2025-08-30 21:56:33.728
EUW1_7512900269,-J_E3WaL-A8We9ZiFSKNLTa_uO7bFVY-ZP1ynWupPJTqS6-80M4iuwkKExUz4nyxBmYFfbF_J-FNxw,1756564878592,1756567461426,2583,False,Chogath,13,11,12,SILVER II,2025-08-30 15:24:21.426
EUW1_7512848940,-J_E3WaL-A8We9ZiFSKNLTa_uO7bFVY-ZP1ynWupPJTqS6-80M4iuwkKExUz4nyxBmYFfbF_J-FNxw,1756562205446,1756564028208,1822,True,Sett,9,5,8,SILVER II,2025-08-30 14:27:08.208
EUW1_7512808824,-J_E3WaL-A8We9ZiFSKNLTa_uO7bFVY-ZP1ynWupPJTqS6-80M4iuwkKExUz4nyxBmYFfbF_J-FNxw,1756560089526,1756561591179,1501,True,Chogath,5,1,9,SILVER II,2025-08-30 13:46:31.179
EUW1_7512194110,-J_E3WaL-A8We9ZiFSKNLTa_uO7bFVY-ZP1ynWupPJTqS6-80M4iuwkKExUz4nyxBmYFfbF_J-FNxw,1756501428202,1756503355673,1927,False,Nasus,4,6,8,SILVER II,2025-08-29 21:35:55.673
EUW1_7512094291,-J_E3WaL-A8We9ZiFSKNLTa_uO7bFVY-ZP1ynWupPJTqS6-80M4iuwkKExUz4nyxBmYFfbF_J-FNxw,1756498096671,1756499882194,1785,True,Chogath,4,7,7,SILVER II,2025-08-29 20:38:02.194
EUW1_7512055078,-J_E3WaL-A8We9ZiFSKNLTa_uO7bFVY-ZP1ynWupPJTqS6-80M4iuwkKExUz4nyxBmYFfbF_J-FNxw,1756496389043,1756497124141,735,False,Mordekaiser,2,1,0,SILVER II,2025-08-29 19:52:04.141
EUW1_7511956287,-J_E3WaL-A8We9ZiFSKNLTa_uO7bFVY-ZP1ynWupPJTqS6-80M4iuwkKExUz4nyxBmYFfbF_J-FNxw,1756492572624,1756493986356,1413,False,Kayn,0,8,3,SILVER II,2025-08-29 18:59:46.356
EUW1_7511548182,-J_E3WaL-A8We9ZiFSKNLTa_uO7bFVY-ZP1ynWupPJTqS6-80M4iuwkKExUz4nyxBmYFfbF_J-FNxw,1756473703220,1756475478976,1775,True,Chogath,8,3,8,SILVER II,2025-08-29 13:51:18.976
EUW1_7511491721,-J_E3WaL-A8We9ZiFSKNLTa_uO7bFVY-ZP1ynWupPJTqS6-80M4iuwkKExUz4nyxBmYFfbF_J-FNxw,1756470295718,1756472425748,2130,False,Garen,11,5,4,SILVER II,2025-08-29 13:00:25.748
EUW1_7511451812,-J_E3WaL-A8We9ZiFSKNLTa_uO7bFVY-ZP1ynWupPJTqS6-80M4iuwkKExUz4nyxBmYFfbF_J-FNxw,1756467848334,1756469222500,1374,False,Sett,6,6,0,SILVER II,2025-08-29 12:07:02.500
EUW1_7510424303,-J_E3WaL-A8We9ZiFSKNLTa_uO7bFVY-ZP1ynWupPJTqS6-80M4iuwkKExUz4nyxBmYFfbF_J-FNxw,1756395716822,1756398330366,2613,True,Mordekaiser,13,6,9,SILVER II,2025-08-28 16:25:30.366
EUW1_7510344764,-J_E3WaL-A8We9ZiFSKNLTa_uO7bFVY-ZP1ynWupPJTqS6-80M4iuwkKExUz4nyxBmYFfbF_J-FNxw,1756391887177,1756394503330,2616,False,Chogath,13,8,5,SILVER II,2025-08-28 15:21:43.330
EUW1_7508890814,-J_E3WaL-A8We9ZiFSKNLTa_uO7bFVY-ZP1ynWupPJTqS6-80M4iuwkKExUz4nyxBmYFfbF_J-FNxw,1756302939765,1756304797793,1858,False,Chogath,8,5,7,SILVER II,2025-08-27 14:26:37.793
EUW1_7508850113,-J_E3WaL-A8We9ZiFSKNLTa_uO7bFVY-ZP1ynWupPJTqS6-80M4iuwkKExUz4nyxBmYFfbF_J-FNxw,1756300624719,1756301614287,989,True,Chogath,6,2,2,SILVER II,2025-08-27 13:33:34.287
EUW1_7506490510,-J_E3WaL-A8We9ZiFSKNLTa_uO7bFVY-ZP1ynWupPJTqS6-80M4iuwkKExUz4nyxBmYFfbF_J-FNxw,1756086979318,1756089162848,2183,False,Garen,8,6,5,SILVER II,2025-08-25 02:32:42.848
EUW1_7505128205,-J_E3WaL-A8We9ZiFSKNLTa_uO7bFVY-ZP1ynWupPJTqS6-80M4iuwkKExUz4nyxBmYFfbF_J-FNxw,1755986559646,1755988305239,1745,False,Chogath,9,4,4,SILVER II,2025-08-23 22:31:45.239
EUW1_7505065985,-J_E3WaL-A8We9ZiFSKNLTa_uO7bFVY-ZP1ynWupPJTqS6-80M4iuwkKExUz4nyxBmYFfbF_J-FNxw,1755983695213,1755986204211,2509,True,Mordekaiser,9,13,4,SILVER II,2025-08-23 21:56:44.211
EUW1_7504219521,-J_E3WaL-A8We9ZiFSKNLTa_uO7bFVY-ZP1ynWupPJTqS6-80M4iuwkKExUz4nyxBmYFfbF_J-FNxw,1755919945534,1755921775897,1830,False,Darius,0,11,1,SILVER II,2025-08-23 04:02:55.897
EUW1_7504212559,-J_E3WaL-A8We9ZiFSKNLTa_uO7bFVY-ZP1ynWupPJTqS6-80M4iuwkKExUz4nyxBmYFfbF_J-FNxw,1755917929367,1755919479251,1550,False,Chogath,5,3,0,SILVER II,2025-08-23 03:24:39.251
EUW1_7504200216,-J_E3WaL-A8We9ZiFSKNLTa_uO7bFVY-ZP1ynWupPJTqS6-80M4iuwkKExUz4nyxBmYFfbF_J-FNxw,1755915953475,1755917337975,1384,False,Pantheon,4,10,1,SILVER II,2025-08-23 02:48:57.975
EUW1_7504192931,-J_E3WaL-A8We9ZiFSKNLTa_uO7bFVY-ZP1ynWupPJTqS6-80M4iuwkKExUz4nyxBmYFfbF_J-FNxw,1755913903552,1755915493105,1589,True,Chogath,8,3,6,SILVER II,2025-08-23 02:18:13.105
EUW1_7504174404,-J_E3WaL-A8We9ZiFSKNLTa_uO7bFVY-ZP1ynWupPJTqS6-80M4iuwkKExUz4nyxBmYFfbF_J-FNxw,1755911557077,1755913465075,1908,True,Warwick,2,6,11,SILVER II,2025-08-23 01:44:25.075
EUW1_7504160250,-J_E3WaL-A8We9ZiFSKNLTa_uO7bFVY-ZP1ynWupPJTqS6-80M4iuwkKExUz4nyxBmYFfbF_J-FNxw,1755909524432,1755911009696,1485,True,Chogath,4,5,4,SILVER II,2025-08-23 01:03:29.696
EUW1_7500898612,-J_E3WaL-A8We9ZiFSKNLTa_uO7bFVY-ZP1ynWupPJTqS6-80M4iuwkKExUz4nyxBmYFfbF_J-FNxw,1755646918252,1755648954288,2036,False,Chogath,5,7,7,SILVER II,2025-08-20 00:15:54.288
EUW1_7500863662,-J_E3WaL-A8We9ZiFSKNLTa_uO7bFVY-ZP1ynWupPJTqS6-80M4iuwkKExUz4nyxBmYFfbF_J-FNxw,1755644192420,1755646346337,2154,True,Chogath,6,9,12,SILVER II,2025-08-19 23:32:26.337
EUW1_7500767022,-J_E3WaL-A8We9ZiFSKNLTa_uO7bFVY-ZP1ynWupPJTqS6-80M4iuwkKExUz4nyxBmYFfbF_J-FNxw,1755638830965,1755640834127,2003,False,Chogath,6,10,6,SILVER II,2025-08-19 22:00:34.127
EUW1_7500703035,-J_E3WaL-A8We9ZiFSKNLTa_uO7bFVY-ZP1ynWupPJTqS6-80M4iuwkKExUz4nyxBmYFfbF_J-FNxw,1755636112411,1755637698310,1586,True,Chogath,5,3,7,SILVER II,2025-08-19 21:08:18.310
EUW1_7500655873,-J_E3WaL-A8We9ZiFSKNLTa_uO7bFVY-ZP1ynWupPJTqS6-80M4iuwkKExUz4nyxBmYFfbF_J-FNxw,1755634233892,1755635673552,1439,False,Chogath,6,7,0,SILVER II,2025-08-19 20:34:33.552
EUW1_7500589541,-J_E3WaL-A8We9ZiFSKNLTa_uO7bFVY-ZP1ynWupPJTqS6-80M4iuwkKExUz4nyxBmYFfbF_J-FNxw,1755631439892,1755633257286,1817,True,Chogath,15,4,9,SILVER II,2025-08-19 19:54:17.286
EUW1_7500531924,-J_E3WaL-A8We9ZiFSKNLTa_uO7bFVY-ZP1ynWupPJTqS6-80M4iuwkKExUz4nyxBmYFfbF_J-FNxw,1755629543274,1755631166507,1623,True,Chogath,14,7,8,SILVER II,2025-08-19 19:19:26.507
EUW1_7500485699,-J_E3WaL-A8We9ZiFSKNLTa_uO7bFVY-ZP1ynWupPJTqS6-80M4iuwkKExUz4nyxBmYFfbF_J-FNxw,1755627479777,1755629224376,1744,True,Chogath,6,0,8,SILVER II,2025-08-19 18:47:04.376
EUW1_7500123875,-J_E3WaL-A8We9ZiFSKNLTa_uO7bFVY-ZP1ynWupPJTqS6-80M4iuwkKExUz4nyxBmYFfbF_J-FNxw,1755608007051,1755609663541,1656,False,Garen,8,5,5,SILVER II,2025-08-19 13:21:03.541
EUW1_7500090601,-J_E3WaL-A8We9ZiFSKNLTa_uO7bFVY-ZP1ynWupPJTqS6-80M4iuwkKExUz4nyxBmYFfbF_J-FNxw,1755605458468,1755607165073,1706,False,Nasus,0,6,2,SILVER II,2025-08-19 12:39:25.073
EUW1_7500073368,-J_E3WaL-A8We9ZiFSKNLTa_uO7bFVY-ZP1ynWupPJTqS6-80M4iuwkKExUz4nyxBmYFfbF_J-FNxw,1755604609455,1755605112855,503,False,Olaf,0,3,0,SILVER II,2025-08-19 12:05:12.855
EUW1_7499847002,-J_E3WaL-A8We9ZiFSKNLTa_uO7bFVY-ZP1ynWupPJTqS6-80M4iuwkKExUz4nyxBmYFfbF_J-FNxw,1755565791276,1755567302554,1511,False,Mordekaiser,5,9,2,SILVER II,2025-08-19 01:35:02.554
EUW1_7499830190,-J_E3WaL-A8We9ZiFSKNLTa_uO7bFVY-ZP1ynWupPJTqS6-80M4iuwkKExUz4nyxBmYFfbF_J-FNxw,1755563733503,1755565165765,1432,False,Warwick,5,8,6,SILVER II,2025-08-19 00:59:25.765
EUW1_7499814931,-J_E3WaL-A8We9ZiFSKNLTa_uO7bFVY-ZP1ynWupPJTqS6-80M4iuwkKExUz4nyxBmYFfbF_J-FNxw,1755561490083,1755563259440,1769,False,Pantheon,4,8,1,SILVER II,2025-08-19 00:27:39.440
EUW1_7499776139,-J_E3WaL-A8We9ZiFSKNLTa_uO7bFVY-ZP1ynWupPJTqS6-80M4iuwkKExUz4nyxBmYFfbF_J-FNxw,1755558207040,1755560764495,2557,True,Pyke,5,13,18,SILVER II,2025-08-18 23:46:04.495
EUW1_7499739209,-J_E3WaL-A8We9ZiFSKNLTa_uO7bFVY-ZP1ynWupPJTqS6-80M4iuwkKExUz4nyxBmYFfbF_J-FNxw,1755555756276,1755557723250,1967,False,DrMundo,3,6,4,SILVER II,2025-08-18 22:55:23.250
EUW1_7499696183,-J_E3WaL-A8We9ZiFSKNLTa_uO7bFVY-ZP1ynWupPJTqS6-80M4iuwkKExUz4nyxBmYFfbF_J-FNxw,1755553482412,1755555001095,1518,True,Nasus,5,2,3,SILVER II,2025-08-18 22:10:01.095
EUW1_7499656868,-J_E3WaL-A8We9ZiFSKNLTa_uO7bFVY-ZP1ynWupPJTqS6-80M4iuwkKExUz4nyxBmYFfbF_J-FNxw,1755551498056,1755553096213,1598,False,Sett,4,5,2,SILVER II,2025-08-18 21:38:16.213
EUW1_7499475689,-J_E3WaL-A8We9ZiFSKNLTa_uO7bFVY-ZP1ynWupPJTqS6-80M4iuwkKExUz4nyxBmYFfbF_J-FNxw,1755544260607,1755546663191,2402,False,Teemo,7,14,14,SILVER II,2025-08-18 19:51:03.191
EUW1_7499413432,-J_E3WaL-A8We9ZiFSKNLTa_uO7bFVY-ZP1ynWupPJTqS6-80M4iuwkKExUz4nyxBmYFfbF_J-FNxw,1755541782709,1755543708486,1925,False,Warwick,7,11,5,SILVER II,2025-08-18 19:01:48.486
EUW1_7499363159,-J_E3WaL-A8We9ZiFSKNLTa_uO7bFVY-ZP1ynWupPJTqS6-80M4iuwkKExUz4nyxBmYFfbF_J-FNxw,1755539458701,1755541383378,1924,True,Mordekaiser,12,7,9,SILVER II,2025-08-18 18:23:03.378
EUW1_7499328878,-J_E3WaL-A8We9ZiFSKNLTa_uO7bFVY-ZP1ynWupPJTqS6-80M4iuwkKExUz4nyxBmYFfbF_J-FNxw,1755537800020,1755539141152,1341,True,DrMundo,6,2,4,SILVER II,2025-08-18 17:45:41.152
EUW1_7499277829,-J_E3WaL-A8We9ZiFSKNLTa_uO7bFVY-ZP1ynWupPJTqS6-80M4iuwkKExUz4nyxBmYFfbF_J-FNxw,1755535184888,1755537200214,2015,True,Olaf,7,8,9,SILVER II,2025-08-18 17:13:20.214
EUW1_7499231262,-J_E3WaL-A8We9ZiFSKNLTa_uO7bFVY-ZP1ynWupPJTqS6-80M4iuwkKExUz4nyxBmYFfbF_J-FNxw,1755532983718,1755534815381,1831,True,Renekton,12,10,10,SILVER II,2025-08-18 16:33:35.381
EUW1_7498756550,-J_E3WaL-A8We9ZiFSKNLTa_uO7bFVY-ZP1ynWupPJTqS6-80M4iuwkKExUz4nyxBmYFfbF_J-FNxw,1755477515299,1755479898368,2383,True,Warwick,13,11,14,SILVER II,2025-08-18 01:18:18.368
