match_id,puuid,game_start_timestamp,game_end_timestamp,game_duration_sec,win,champion_played,kills,deaths,assists,game_end_datetime
EUW1_7804178453,9QU1RJrTmcqoiJUFdKJ_EFqDeJXJj3cNbTKOQt4m1zMwEZMG0-PJSggQQVD6-_Qf8Jif9sCv4NXC7A,1774869454956,1774871717605,2262,True,Darius,13,7,3,2026-03-30 11:55:17.605
EUW1_7803309233,9QU1RJrTmcqoiJUFdKJ_EFqDeJXJj3cNbTKOQt4m1zMwEZMG0-PJSggQQVD6-_Qf8Jif9sCv4NXC7A,1774799169274,1774800091058,922,True,Yorick,0,1,2,2026-03-29 16:01:31.058
EUW1_7803235602,9QU1RJrTmcqoiJUFdKJ_EFqDeJXJj3cNbTKOQt4m1zMwEZMG0-PJSggQQVD6-_Qf8Jif9sCv4NXC7A,1774795786885,1774798534439,2747,True,Kayle,17,2,6,2026-03-29 15:35:34.439
EUW1_7803145534,9QU1RJrTmcqoiJUFdKJ_EFqDeJXJj3cNbTKOQt4m1zMwEZMG0-PJSggQQVD6-_Qf8Jif9sCv4NXC7A,1774791702285,1774793842830,2140,True,Jax,7,5,3,2026-03-29 14:17:22.830
EUW1_7803083006,9QU1RJrTmcqoiJUFdKJ_EFqDeJXJj3cNbTKOQt4m1zMwEZMG0-PJSggQQVD6-_Qf8Jif9sCv4NXC7A,1774788813184,1774790419839,1606,False,Veigar,3,7,1,2026-03-29 13:20:19.839
EUW1_7803043819,9QU1RJrTmcqoiJUFdKJ_EFqDeJXJj3cNbTKOQt4m1zMwEZMG0-PJSggQQVD6-_Qf8Jif9sCv4NXC7A,1774786547595,1774787914420,1367,False,Darius,1,3,1,2026-03-29 12:38:34.420
EUW1_7802998469,9QU1RJrTmcqoiJUFdKJ_EFqDeJXJj3cNbTKOQt4m1zMwEZMG0-PJSggQQVD6-_Qf8Jif9sCv4NXC7A,1774783498918,1774785602324,2103,True,Darius,5,5,3,2026-03-29 12:00:02.324
EUW1_7802964547,9QU1RJrTmcqoiJUFdKJ_EFqDeJXJj3cNbTKOQt4m1zMwEZMG0-PJSggQQVD6-_Qf8Jif9sCv4NXC7A,1774781244266,1774782678939,1435,False,Kayle,2,3,2,2026-03-29 11:11:18.939
EUW1_7800648196,9QU1RJrTmcqoiJUFdKJ_EFqDeJXJj3cNbTKOQt4m1zMwEZMG0-PJSggQQVD6-_Qf8Jif9sCv4NXC7A,1774626600389,1774628077516,1477,False,Kayle,0,3,3,2026-03-27 16:14:37.516
EUW1_7800614711,9QU1RJrTmcqoiJUFdKJ_EFqDeJXJj3cNbTKOQt4m1zMwEZMG0-PJSggQQVD6-_Qf8Jif9sCv4NXC7A,1774624586911,1774626197573,1611,True,Veigar,9,1,12,2026-03-27 15:43:17.573
EUW1_7800574636,9QU1RJrTmcqoiJUFdKJ_EFqDeJXJj3cNbTKOQt4m1zMwEZMG0-PJSggQQVD6-_Qf8Jif9sCv4NXC7A,1774622398127,1774623912565,1514,True,Kayle,9,1,10,2026-03-27 15:05:12.565
EUW1_7800527473,9QU1RJrTmcqoiJUFdKJ_EFqDeJXJj3cNbTKOQt4m1zMwEZMG0-PJSggQQVD6-_Qf8Jif9sCv4NXC7A,1774619734955,1774621476561,1741,True,Darius,11,3,3,2026-03-27 14:24:36.561
EUW1_7800481169,9QU1RJrTmcqoiJUFdKJ_EFqDeJXJj3cNbTKOQt4m1zMwEZMG0-PJSggQQVD6-_Qf8Jif9sCv4NXC7A,1774617030667,1774619411555,2381,False,Darius,4,5,5,2026-03-27 13:50:11.555
EUW1_7800433618,9QU1RJrTmcqoiJUFdKJ_EFqDeJXJj3cNbTKOQt4m1zMwEZMG0-PJSggQQVD6-_Qf8Jif9sCv4NXC7A,1774613332802,1774615161926,1829,True,Jax,8,3,2,2026-03-27 12:39:21.926
EUW1_7800388486,9QU1RJrTmcqoiJUFdKJ_EFqDeJXJj3cNbTKOQt4m1zMwEZMG0-PJSggQQVD6-_Qf8Jif9sCv4NXC7A,1774610037559,1774611869625,1832,True,Darius,14,0,2,2026-03-27 11:44:29.625
EUW1_7800359715,9QU1RJrTmcqoiJUFdKJ_EFqDeJXJj3cNbTKOQt4m1zMwEZMG0-PJSggQQVD6-_Qf8Jif9sCv4NXC7A,1774607659233,1774609503533,1844,False,Veigar,5,1,4,2026-03-27 11:05:03.533
EUW1_7800329543,9QU1RJrTmcqoiJUFdKJ_EFqDeJXJj3cNbTKOQt4m1zMwEZMG0-PJSggQQVD6-_Qf8Jif9sCv4NXC7A,1774604786207,1774606374591,1588,False,Kayle,5,4,0,2026-03-27 10:12:54.591
EUW1_7799445265,9QU1RJrTmcqoiJUFdKJ_EFqDeJXJj3cNbTKOQt4m1zMwEZMG0-PJSggQQVD6-_Qf8Jif9sCv4NXC7A,1774542120223,1774543344817,1224,True,Darius,4,3,3,2026-03-26 16:42:24.817
EUW1_7799391080,9QU1RJrTmcqoiJUFdKJ_EFqDeJXJj3cNbTKOQt4m1zMwEZMG0-PJSggQQVD6-_Qf8Jif9sCv4NXC7A,1774539146981,1774541132229,1985,False,Darius,5,3,4,2026-03-26 16:05:32.229
EUW1_7799360821,9QU1RJrTmcqoiJUFdKJ_EFqDeJXJj3cNbTKOQt4m1zMwEZMG0-PJSggQQVD6-_Qf8Jif9sCv4NXC7A,1774537214134,1774538676411,1462,True,Darius,7,2,5,2026-03-26 15:24:36.411
EUW1_7799320910,9QU1RJrTmcqoiJUFdKJ_EFqDeJXJj3cNbTKOQt4m1zMwEZMG0-PJSggQQVD6-_Qf8Jif9sCv4NXC7A,1774534887189,1774536318732,1431,True,Darius,9,2,7,2026-03-26 14:45:18.732
EUW1_7799263393,9QU1RJrTmcqoiJUFdKJ_EFqDeJXJj3cNbTKOQt4m1zMwEZMG0-PJSggQQVD6-_Qf8Jif9sCv4NXC7A,1774531479018,1774533965613,2486,True,Gnar,2,4,7,2026-03-26 14:06:05.613
EUW1_7799232212,9QU1RJrTmcqoiJUFdKJ_EFqDeJXJj3cNbTKOQt4m1zMwEZMG0-PJSggQQVD6-_Qf8Jif9sCv4NXC7A,1774529046355,1774530559600,1513,True,Veigar,3,4,3,2026-03-26 13:09:19.600
EUW1_7799210494,9QU1RJrTmcqoiJUFdKJ_EFqDeJXJj3cNbTKOQt4m1zMwEZMG0-PJSggQQVD6-_Qf8Jif9sCv4NXC7A,1774526951215,1774527875254,924,True,Darius,7,1,1,2026-03-26 12:24:35.254
EUW1_7799164834,9QU1RJrTmcqoiJUFdKJ_EFqDeJXJj3cNbTKOQt4m1zMwEZMG0-PJSggQQVD6-_Qf8Jif9sCv4NXC7A,1774523677103,1774525216708,1539,True,Yorick,1,1,11,2026-03-26 11:40:16.708
EUW1_7799133644,9QU1RJrTmcqoiJUFdKJ_EFqDeJXJj3cNbTKOQt4m1zMwEZMG0-PJSggQQVD6-_Qf8Jif9sCv4NXC7A,1774520888422,1774522560938,1672,True,Kayle,7,1,7,2026-03-26 10:56:00.938
EUW1_7799109584,9QU1RJrTmcqoiJUFdKJ_EFqDeJXJj3cNbTKOQt4m1zMwEZMG0-PJSggQQVD6-_Qf8Jif9sCv4NXC7A,1774518381709,1774519847888,1466,False,Darius,7,1,5,2026-03-26 10:10:47.888
EUW1_7798273860,9QU1RJrTmcqoiJUFdKJ_EFqDeJXJj3cNbTKOQt4m1zMwEZMG0-PJSggQQVD6-_Qf8Jif9sCv4NXC7A,1774454817290,1774456636308,1819,True,Darius,18,2,7,2026-03-25 16:37:16.308
EUW1_7798219709,9QU1RJrTmcqoiJUFdKJ_EFqDeJXJj3cNbTKOQt4m1zMwEZMG0-PJSggQQVD6-_Qf8Jif9sCv4NXC7A,1774452152356,1774454063737,1911,False,Darius,7,2,3,2026-03-25 15:54:23.737
EUW1_7798147421,9QU1RJrTmcqoiJUFdKJ_EFqDeJXJj3cNbTKOQt4m1zMwEZMG0-PJSggQQVD6-_Qf8Jif9sCv4NXC7A,1774448568996,1774450077894,1509,False,Jax,3,4,1,2026-03-25 14:47:57.894
EUW1_7798127689,9QU1RJrTmcqoiJUFdKJ_EFqDeJXJj3cNbTKOQt4m1zMwEZMG0-PJSggQQVD6-_Qf8Jif9sCv4NXC7A,1774446952007,1774448278771,1327,True,Darius,7,1,2,2026-03-25 14:17:58.771
EUW1_7798091655,9QU1RJrTmcqoiJUFdKJ_EFqDeJXJj3cNbTKOQt4m1zMwEZMG0-PJSggQQVD6-_Qf8Jif9sCv4NXC7A,1774444692961,1774446362539,1669,True,Darius,9,3,4,2026-03-25 13:46:02.539
EUW1_7796705175,9QU1RJrTmcqoiJUFdKJ_EFqDeJXJj3cNbTKOQt4m1zMwEZMG0-PJSggQQVD6-_Qf8Jif9sCv4NXC7A,1774365409701,1774366782706,1373,True,Darius,8,1,1,2026-03-24 15:39:42.706
EUW1_7796660802,9QU1RJrTmcqoiJUFdKJ_EFqDeJXJj3cNbTKOQt4m1zMwEZMG0-PJSggQQVD6-_Qf8Jif9sCv4NXC7A,1774363517197,1774365143500,1626,True,Jax,8,4,7,2026-03-24 15:12:23.500
EUW1_7796618242,9QU1RJrTmcqoiJUFdKJ_EFqDeJXJj3cNbTKOQt4m1zMwEZMG0-PJSggQQVD6-_Qf8Jif9sCv4NXC7A,1774361864213,1774363047373,1183,True,Jax,4,0,4,2026-03-24 14:37:27.373
EUW1_7796563269,9QU1RJrTmcqoiJUFdKJ_EFqDeJXJj3cNbTKOQt4m1zMwEZMG0-PJSggQQVD6-_Qf8Jif9sCv4NXC7A,1774359499070,1774361083274,1584,True,Veigar,5,3,7,2026-03-24 14:04:43.274
EUW1_7796504274,9QU1RJrTmcqoiJUFdKJ_EFqDeJXJj3cNbTKOQt4m1zMwEZMG0-PJSggQQVD6-_Qf8Jif9sCv4NXC7A,1774356869247,1774358312564,1443,False,Kayle,0,3,1,2026-03-24 13:18:32.564
EUW1_7796444060,9QU1RJrTmcqoiJUFdKJ_EFqDeJXJj3cNbTKOQt4m1zMwEZMG0-PJSggQQVD6-_Qf8Jif9sCv4NXC7A,1774354003116,1774355925668,1922,False,Kayle,13,3,4,2026-03-24 12:38:45.668
EUW1_7796408448,9QU1RJrTmcqoiJUFdKJ_EFqDeJXJj3cNbTKOQt4m1zMwEZMG0-PJSggQQVD6-_Qf8Jif9sCv4NXC7A,1774352530612,1774353450079,919,True,Kayle,1,0,0,2026-03-24 11:57:30.079
EUW1_7796368483,9QU1RJrTmcqoiJUFdKJ_EFqDeJXJj3cNbTKOQt4m1zMwEZMG0-PJSggQQVD6-_Qf8Jif9sCv4NXC7A,1774350051121,1774352073922,2023,False,DrMundo,4,6,3,2026-03-24 11:34:33.922
EUW1_7796304206,9QU1RJrTmcqoiJUFdKJ_EFqDeJXJj3cNbTKOQt4m1zMwEZMG0-PJSggQQVD6-_Qf8Jif9sCv4NXC7A,1774347038773,1774349214869,2176,True,Darius,15,5,8,2026-03-24 10:46:54.869
EUW1_7795018181,9QU1RJrTmcqoiJUFdKJ_EFqDeJXJj3cNbTKOQt4m1zMwEZMG0-PJSggQQVD6-_Qf8Jif9sCv4NXC7A,1774282334766,1774284463457,2129,False,Kayle,5,4,2,2026-03-23 16:47:43.457
EUW1_7794953233,9QU1RJrTmcqoiJUFdKJ_EFqDeJXJj3cNbTKOQt4m1zMwEZMG0-PJSggQQVD6-_Qf8Jif9sCv4NXC7A,1774279953190,1774281368514,1415,True,Jax,6,4,1,2026-03-23 15:56:08.514
EUW1_7794921151,9QU1RJrTmcqoiJUFdKJ_EFqDeJXJj3cNbTKOQt4m1zMwEZMG0-PJSggQQVD6-_Qf8Jif9sCv4NXC7A,1774278612798,1774279716177,1103,False,Kayle,0,4,0,2026-03-23 15:28:36.177
EUW1_7794855675,9QU1RJrTmcqoiJUFdKJ_EFqDeJXJj3cNbTKOQt4m1zMwEZMG0-PJSggQQVD6-_Qf8Jif9sCv4NXC7A,1774275787534,1774277673013,1885,False,Kayle,8,5,9,2026-03-23 14:54:33.013
EUW1_7794799963,9QU1RJrTmcqoiJUFdKJ_EFqDeJXJj3cNbTKOQt4m1zMwEZMG0-PJSggQQVD6-_Qf8Jif9sCv4NXC7A,1774273721826,1774275187939,1466,True,Darius,10,2,9,2026-03-23 14:13:07.939
EUW1_7794708498,9QU1RJrTmcqoiJUFdKJ_EFqDeJXJj3cNbTKOQt4m1zMwEZMG0-PJSggQQVD6-_Qf8Jif9sCv4NXC7A,1774269460189,1774271567570,2107,True,Darius,8,4,3,2026-03-23 13:12:47.570
EUW1_7794640602,9QU1RJrTmcqoiJUFdKJ_EFqDeJXJj3cNbTKOQt4m1zMwEZMG0-PJSggQQVD6-_Qf8Jif9sCv4NXC7A,1774266463209,1774268377103,1914,True,Darius,9,2,5,2026-03-23 12:19:37.103
EUW1_7793994917,9QU1RJrTmcqoiJUFdKJ_EFqDeJXJj3cNbTKOQt4m1zMwEZMG0-PJSggQQVD6-_Qf8Jif9sCv4NXC7A,1774219939375,1774221610907,1671,True,Darius,7,3,2,2026-03-22 23:20:10.907
EUW1_7793109414,9QU1RJrTmcqoiJUFdKJ_EFqDeJXJj3cNbTKOQt4m1zMwEZMG0-PJSggQQVD6-_Qf8Jif9sCv4NXC7A,1774193979373,1774195640643,1661,False,Kayle,5,4,3,2026-03-22 16:07:20.643
EUW1_7793039747,9QU1RJrTmcqoiJUFdKJ_EFqDeJXJj3cNbTKOQt4m1zMwEZMG0-PJSggQQVD6-_Qf8Jif9sCv4NXC7A,1774191362915,1774193548677,2186,True,Kayle,9,3,11,2026-03-22 15:32:28.677
EUW1_7792956274,9QU1RJrTmcqoiJUFdKJ_EFqDeJXJj3cNbTKOQt4m1zMwEZMG0-PJSggQQVD6-_Qf8Jif9sCv4NXC7A,1774188338744,1774190082100,1743,False,Darius,5,2,7,2026-03-22 14:34:42.100
EUW1_7792898625,9QU1RJrTmcqoiJUFdKJ_EFqDeJXJj3cNbTKOQt4m1zMwEZMG0-PJSggQQVD6-_Qf8Jif9sCv4NXC7A,1774186028685,1774187837193,1808,False,Veigar,8,6,1,2026-03-22 13:57:17.193
EUW1_7792850628,9QU1RJrTmcqoiJUFdKJ_EFqDeJXJj3cNbTKOQt4m1zMwEZMG0-PJSggQQVD6-_Qf8Jif9sCv4NXC7A,1774184039977,1774185494174,1454,False,Darius,3,5,2,2026-03-22 13:18:14.174
EUW1_7792797398,9QU1RJrTmcqoiJUFdKJ_EFqDeJXJj3cNbTKOQt4m1zMwEZMG0-PJSggQQVD6-_Qf8Jif9sCv4NXC7A,1774182210972,1774183602668,1392,False,Vayne,0,4,2,2026-03-22 12:46:42.668
EUW1_7792739715,9QU1RJrTmcqoiJUFdKJ_EFqDeJXJj3cNbTKOQt4m1zMwEZMG0-PJSggQQVD6-_Qf8Jif9sCv4NXC7A,1774179579577,1774181338939,1759,False,Kayle,2,4,1,2026-03-22 12:08:58.939
EUW1_7792677393,9QU1RJrTmcqoiJUFdKJ_EFqDeJXJj3cNbTKOQt4m1zMwEZMG0-PJSggQQVD6-_Qf8Jif9sCv4NXC7A,1774176462805,1774178728587,2266,False,Darius,14,3,2,2026-03-22 11:25:28.587
EUW1_7792629662,9QU1RJrTmcqoiJUFdKJ_EFqDeJXJj3cNbTKOQt4m1zMwEZMG0-PJSggQQVD6-_Qf8Jif9sCv4NXC7A,1774172959557,1774176010824,3051,True,Darius,13,4,10,2026-03-22 10:40:10.824
EUW1_7791255517,9QU1RJrTmcqoiJUFdKJ_EFqDeJXJj3cNbTKOQt4m1zMwEZMG0-PJSggQQVD6-_Qf8Jif9sCv4NXC7A,1774107422065,1774109477275,2055,False,Darius,16,5,3,2026-03-21 16:11:17.275
EUW1_7791181785,9QU1RJrTmcqoiJUFdKJ_EFqDeJXJj3cNbTKOQt4m1zMwEZMG0-PJSggQQVD6-_Qf8Jif9sCv4NXC7A,1774104848200,1774106772213,1924,True,Kayle,14,3,3,2026-03-21 15:26:12.213
EUW1_7791109043,9QU1RJrTmcqoiJUFdKJ_EFqDeJXJj3cNbTKOQt4m1zMwEZMG0-PJSggQQVD6-_Qf8Jif9sCv4NXC7A,1774102308641,1774104441959,2133,False,Kayle,12,4,5,2026-03-21 14:47:21.959
EUW1_7791057902,9QU1RJrTmcqoiJUFdKJ_EFqDeJXJj3cNbTKOQt4m1zMwEZMG0-PJSggQQVD6-_Qf8Jif9sCv4NXC7A,1774100350625,1774101975753,1625,True,Jax,5,3,6,2026-03-21 14:06:15.753
EUW1_7790990835,9QU1RJrTmcqoiJUFdKJ_EFqDeJXJj3cNbTKOQt4m1zMwEZMG0-PJSggQQVD6-_Qf8Jif9sCv4NXC7A,1774097615894,1774099379168,1763,True,Veigar,2,5,8,2026-03-21 13:22:59.168
EUW1_7790931104,9QU1RJrTmcqoiJUFdKJ_EFqDeJXJj3cNbTKOQt4m1zMwEZMG0-PJSggQQVD6-_Qf8Jif9sCv4NXC7A,1774095199191,1774097094379,1895,True,Darius,14,0,3,2026-03-21 12:44:54.379
EUW1_7790883677,9QU1RJrTmcqoiJUFdKJ_EFqDeJXJj3cNbTKOQt4m1zMwEZMG0-PJSggQQVD6-_Qf8Jif9sCv4NXC7A,1774092988482,1774094723058,1734,False,Darius,4,6,1,2026-03-21 12:05:23.058
EUW1_7790840047,9QU1RJrTmcqoiJUFdKJ_EFqDeJXJj3cNbTKOQt4m1zMwEZMG0-PJSggQQVD6-_Qf8Jif9sCv4NXC7A,1774091152118,1774092320407,1168,True,Darius,9,1,2,2026-03-21 11:25:20.407
EUW1_7790802428,9QU1RJrTmcqoiJUFdKJ_EFqDeJXJj3cNbTKOQt4m1zMwEZMG0-PJSggQQVD6-_Qf8Jif9sCv4NXC7A,1774089228615,1774090372127,1143,True,Kayle,1,1,2,2026-03-21 10:52:52.127
EUW1_7789312007,9QU1RJrTmcqoiJUFdKJ_EFqDeJXJj3cNbTKOQt4m1zMwEZMG0-PJSggQQVD6-_Qf8Jif9sCv4NXC7A,1774015571214,1774017535583,1964,False,Veigar,7,7,9,2026-03-20 14:38:55.583
EUW1_7789246975,9QU1RJrTmcqoiJUFdKJ_EFqDeJXJj3cNbTKOQt4m1zMwEZMG0-PJSggQQVD6-_Qf8Jif9sCv4NXC7A,1774012457626,1774014157304,1699,False,Kayle,5,7,9,2026-03-20 13:42:37.304
EUW1_7789193826,9QU1RJrTmcqoiJUFdKJ_EFqDeJXJj3cNbTKOQt4m1zMwEZMG0-PJSggQQVD6-_Qf8Jif9sCv4NXC7A,1774009803229,1774011607886,1804,True,Vayne,8,2,9,2026-03-20 13:00:07.886
EUW1_7789133928,9QU1RJrTmcqoiJUFdKJ_EFqDeJXJj3cNbTKOQt4m1zMwEZMG0-PJSggQQVD6-_Qf8Jif9sCv4NXC7A,1774007017855,1774008666360,1648,True,Darius,6,0,6,2026-03-20 12:11:06.360
EUW1_7789075910,9QU1RJrTmcqoiJUFdKJ_EFqDeJXJj3cNbTKOQt4m1zMwEZMG0-PJSggQQVD6-_Qf8Jif9sCv4NXC7A,1774004111181,1774005923130,1812,False,Kassadin,1,6,6,2026-03-20 11:25:23.130
EUW1_7789017255,9QU1RJrTmcqoiJUFdKJ_EFqDeJXJj3cNbTKOQt4m1zMwEZMG0-PJSggQQVD6-_Qf8Jif9sCv4NXC7A,1774001286049,1774002821031,1535,False,Darius,5,7,3,2026-03-20 10:33:41.031
EUW1_7788965834,9QU1RJrTmcqoiJUFdKJ_EFqDeJXJj3cNbTKOQt4m1zMwEZMG0-PJSggQQVD6-_Qf8Jif9sCv4NXC7A,1773998300566,1774000158216,1858,False,Kayle,5,7,7,2026-03-20 09:49:18.216
EUW1_7788002817,9QU1RJrTmcqoiJUFdKJ_EFqDeJXJj3cNbTKOQt4m1zMwEZMG0-PJSggQQVD6-_Qf8Jif9sCv4NXC7A,1773940467852,1773942086132,1618,False,Veigar,3,4,3,2026-03-19 17:41:26.132
EUW1_7787928213,9QU1RJrTmcqoiJUFdKJ_EFqDeJXJj3cNbTKOQt4m1zMwEZMG0-PJSggQQVD6-_Qf8Jif9sCv4NXC7A,1773937739845,1773939435818,1696,True,DrMundo,4,2,4,2026-03-19 16:57:15.818
EUW1_7787873437,9QU1RJrTmcqoiJUFdKJ_EFqDeJXJj3cNbTKOQt4m1zMwEZMG0-PJSggQQVD6-_Qf8Jif9sCv4NXC7A,1773935467165,1773937315245,1848,True,Darius,10,1,5,2026-03-19 16:21:55.245
EUW1_7787807891,9QU1RJrTmcqoiJUFdKJ_EFqDeJXJj3cNbTKOQt4m1zMwEZMG0-PJSggQQVD6-_Qf8Jif9sCv4NXC7A,1773932351664,1773934833803,2482,True,Darius,7,12,10,2026-03-19 15:40:33.803
EUW1_7787783543,9QU1RJrTmcqoiJUFdKJ_EFqDeJXJj3cNbTKOQt4m1zMwEZMG0-PJSggQQVD6-_Qf8Jif9sCv4NXC7A,1773930985429,1773931939973,954,True,Kayle,0,1,0,2026-03-19 14:52:19.973
EUW1_7787723613,9QU1RJrTmcqoiJUFdKJ_EFqDeJXJj3cNbTKOQt4m1zMwEZMG0-PJSggQQVD6-_Qf8Jif9sCv4NXC7A,1773928055681,1773929768882,1713,False,Kayle,4,3,4,2026-03-19 14:16:08.882
EUW1_7787669557,9QU1RJrTmcqoiJUFdKJ_EFqDeJXJj3cNbTKOQt4m1zMwEZMG0-PJSggQQVD6-_Qf8Jif9sCv4NXC7A,1773925217027,1773926980569,1763,True,Kayle,7,0,5,2026-03-19 13:29:40.569
EUW1_7787628067,9QU1RJrTmcqoiJUFdKJ_EFqDeJXJj3cNbTKOQt4m1zMwEZMG0-PJSggQQVD6-_Qf8Jif9sCv4NXC7A,1773923120859,1773924887760,1767,False,Kayle,5,5,6,2026-03-19 12:54:47.760
EUW1_7787584561,9QU1RJrTmcqoiJUFdKJ_EFqDeJXJj3cNbTKOQt4m1zMwEZMG0-PJSggQQVD6-_Qf8Jif9sCv4NXC7A,1773920155012,1773921940774,1786,True,Darius,16,1,2,2026-03-19 12:05:40.774
EUW1_7787540277,9QU1RJrTmcqoiJUFdKJ_EFqDeJXJj3cNbTKOQt4m1zMwEZMG0-PJSggQQVD6-_Qf8Jif9sCv4NXC7A,1773917534757,1773918990855,1456,False,Olaf,3,6,2,2026-03-19 11:16:30.855
EUW1_7787502767,9QU1RJrTmcqoiJUFdKJ_EFqDeJXJj3cNbTKOQt4m1zMwEZMG0-PJSggQQVD6-_Qf8Jif9sCv4NXC7A,1773914302730,1773916211998,1909,False,Darius,6,4,4,2026-03-19 10:30:11.998
EUW1_7787469262,9QU1RJrTmcqoiJUFdKJ_EFqDeJXJj3cNbTKOQt4m1zMwEZMG0-PJSggQQVD6-_Qf8Jif9sCv4NXC7A,1773911833893,1773913082274,1248,True,Kayle,6,1,4,2026-03-19 09:38:02.274
EUW1_7786173260,9QU1RJrTmcqoiJUFdKJ_EFqDeJXJj3cNbTKOQt4m1zMwEZMG0-PJSggQQVD6-_Qf8Jif9sCv4NXC7A,1773848849210,1773850944556,2095,True,Kayle,7,3,8,2026-03-18 16:22:24.556
EUW1_7786101798,9QU1RJrTmcqoiJUFdKJ_EFqDeJXJj3cNbTKOQt4m1zMwEZMG0-PJSggQQVD6-_Qf8Jif9sCv4NXC7A,1773845846995,1773847554910,1708,True,Kayle,7,3,3,2026-03-18 15:25:54.910
EUW1_7786048875,9QU1RJrTmcqoiJUFdKJ_EFqDeJXJj3cNbTKOQt4m1zMwEZMG0-PJSggQQVD6-_Qf8Jif9sCv4NXC7A,1773843622862,1773845232633,1610,True,Kayle,5,2,3,2026-03-18 14:47:12.633
EUW1_7785972983,9QU1RJrTmcqoiJUFdKJ_EFqDeJXJj3cNbTKOQt4m1zMwEZMG0-PJSggQQVD6-_Qf8Jif9sCv4NXC7A,1773840137156,1773842024938,1888,False,Darius,2,5,1,2026-03-18 13:53:44.938
EUW1_7785885138,9QU1RJrTmcqoiJUFdKJ_EFqDeJXJj3cNbTKOQt4m1zMwEZMG0-PJSggQQVD6-_Qf8Jif9sCv4NXC7A,1773835726964,1773837723573,1996,True,Kayle,8,4,6,2026-03-18 12:42:03.573
EUW1_7785844068,9QU1RJrTmcqoiJUFdKJ_EFqDeJXJj3cNbTKOQt4m1zMwEZMG0-PJSggQQVD6-_Qf8Jif9sCv4NXC7A,1773833189223,1773835283301,2094,True,Darius,7,2,7,2026-03-18 12:01:23.301
EUW1_7785817208,9QU1RJrTmcqoiJUFdKJ_EFqDeJXJj3cNbTKOQt4m1zMwEZMG0-PJSggQQVD6-_Qf8Jif9sCv4NXC7A,1773831018666,1773832761477,1743,False,Darius,0,7,6,2026-03-18 11:19:21.477
EUW1_7785763871,9QU1RJrTmcqoiJUFdKJ_EFqDeJXJj3cNbTKOQt4m1zMwEZMG0-PJSggQQVD6-_Qf8Jif9sCv4NXC7A,1773826211783,1773827813310,1601,True,Kayle,4,1,8,2026-03-18 09:56:53.310
EUW1_7784721293,9QU1RJrTmcqoiJUFdKJ_EFqDeJXJj3cNbTKOQt4m1zMwEZMG0-PJSggQQVD6-_Qf8Jif9sCv4NXC7A,1773768213283,1773769978531,1765,True,Veigar,10,2,7,2026-03-17 17:52:58.531
EUW1_7784646152,9QU1RJrTmcqoiJUFdKJ_EFqDeJXJj3cNbTKOQt4m1zMwEZMG0-PJSggQQVD6-_Qf8Jif9sCv4NXC7A,1773765404807,1773767828673,2424,True,Kayle,9,1,8,2026-03-17 17:17:08.673
EUW1_7784570471,9QU1RJrTmcqoiJUFdKJ_EFqDeJXJj3cNbTKOQt4m1zMwEZMG0-PJSggQQVD6-_Qf8Jif9sCv4NXC7A,1773762158927,1773763557771,1399,True,Darius,7,2,2,2026-03-17 16:05:57.771
EUW1_7784500267,9QU1RJrTmcqoiJUFdKJ_EFqDeJXJj3cNbTKOQt4m1zMwEZMG0-PJSggQQVD6-_Qf8Jif9sCv4NXC7A,1773759508371,1773761649785,2141,True,Kayle,19,6,5,2026-03-17 15:34:09.785
EUW1_7784398293,9QU1RJrTmcqoiJUFdKJ_EFqDeJXJj3cNbTKOQt4m1zMwEZMG0-PJSggQQVD6-_Qf8Jif9sCv4NXC7A,1773754947120,1773758033910,3087,True,Darius,7,8,10,2026-03-17 14:33:53.910
EUW1_7784344790,9QU1RJrTmcqoiJUFdKJ_EFqDeJXJj3cNbTKOQt4m1zMwEZMG0-PJSggQQVD6-_Qf8Jif9sCv4NXC7A,1773752144573,1773753939341,1795,False,Darius,11,8,2,2026-03-17 13:25:39.341
EUW1_7784299833,9QU1RJrTmcqoiJUFdKJ_EFqDeJXJj3cNbTKOQt4m1zMwEZMG0-PJSggQQVD6-_Qf8Jif9sCv4NXC7A,1773749661472,1773750777499,1116,True,Darius,6,3,2,2026-03-17 12:32:57.499
EUW1_7784254088,9QU1RJrTmcqoiJUFdKJ_EFqDeJXJj3cNbTKOQt4m1zMwEZMG0-PJSggQQVD6-_Qf8Jif9sCv4NXC7A,1773747006682,1773748640552,1634,False,Kayle,4,6,1,2026-03-17 11:57:20.552
EUW1_7784231467,9QU1RJrTmcqoiJUFdKJ_EFqDeJXJj3cNbTKOQt4m1zMwEZMG0-PJSggQQVD6-_Qf8Jif9sCv4NXC7A,1773745245984,1773746634726,1389,False,Darius,2,7,1,2026-03-17 11:23:54.726
EUW1_7784196457,9QU1RJrTmcqoiJUFdKJ_EFqDeJXJj3cNbTKOQt4m1zMwEZMG0-PJSggQQVD6-_Qf8Jif9sCv4NXC7A,1773742798495,1773744525966,1727,True,Darius,7,9,2,2026-03-17 10:48:45.966
EUW1_7784169570,9QU1RJrTmcqoiJUFdKJ_EFqDeJXJj3cNbTKOQt4m1zMwEZMG0-PJSggQQVD6-_Qf8Jif9sCv4NXC7A,1773740976530,1773742465754,1489,True,Jax,8,4,0,2026-03-17 10:14:25.754
EUW1_7784144644,9QU1RJrTmcqoiJUFdKJ_EFqDeJXJj3cNbTKOQt4m1zMwEZMG0-PJSggQQVD6-_Qf8Jif9sCv4NXC7A,1773739230835,1773740586675,1356,True,Kayle,3,5,6,2026-03-17 09:43:06.675
EUW1_7782700462,9QU1RJrTmcqoiJUFdKJ_EFqDeJXJj3cNbTKOQt4m1zMwEZMG0-PJSggQQVD6-_Qf8Jif9sCv4NXC7A,1773668977867,1773669902166,924,True,Darius,8,0,0,2026-03-16 14:05:02.166
EUW1_7782655638,9QU1RJrTmcqoiJUFdKJ_EFqDeJXJj3cNbTKOQt4m1zMwEZMG0-PJSggQQVD6-_Qf8Jif9sCv4NXC7A,1773666932251,1773668376726,1444,True,Kayle,5,2,5,2026-03-16 13:39:36.726
EUW1_7782614318,9QU1RJrTmcqoiJUFdKJ_EFqDeJXJj3cNbTKOQt4m1zMwEZMG0-PJSggQQVD6-_Qf8Jif9sCv4NXC7A,1773664981429,1773666342861,1361,True,Kayle,6,2,1,2026-03-16 13:05:42.861
EUW1_7782585969,9QU1RJrTmcqoiJUFdKJ_EFqDeJXJj3cNbTKOQt4m1zMwEZMG0-PJSggQQVD6-_Qf8Jif9sCv4NXC7A,1773663265684,1773664720235,1454,True,Darius,7,1,4,2026-03-16 12:38:40.235
EUW1_7781314117,9QU1RJrTmcqoiJUFdKJ_EFqDeJXJj3cNbTKOQt4m1zMwEZMG0-PJSggQQVD6-_Qf8Jif9sCv4NXC7A,1773597050511,1773598847172,1796,True,Darius,11,3,6,2026-03-15 18:20:47.172
EUW1_7781235584,9QU1RJrTmcqoiJUFdKJ_EFqDeJXJj3cNbTKOQt4m1zMwEZMG0-PJSggQQVD6-_Qf8Jif9sCv4NXC7A,1773594510838,1773596325126,1814,True,Kayle,8,3,6,2026-03-15 17:38:45.126
EUW1_7781162656,9QU1RJrTmcqoiJUFdKJ_EFqDeJXJj3cNbTKOQt4m1zMwEZMG0-PJSggQQVD6-_Qf8Jif9sCv4NXC7A,1773592422253,1773593339152,917,False,Kayle,1,3,3,2026-03-15 16:48:59.152
EUW1_7780764538,9QU1RJrTmcqoiJUFdKJ_EFqDeJXJj3cNbTKOQt4m1zMwEZMG0-PJSggQQVD6-_Qf8Jif9sCv4NXC7A,1773579285018,1773581166766,1882,True,Darius,10,2,3,2026-03-15 13:26:06.766
EUW1_7780693851,9QU1RJrTmcqoiJUFdKJ_EFqDeJXJj3cNbTKOQt4m1zMwEZMG0-PJSggQQVD6-_Qf8Jif9sCv4NXC7A,1773576574918,1773578253618,1679,True,Kayle,8,5,8,2026-03-15 12:37:33.618
EUW1_7780625840,9QU1RJrTmcqoiJUFdKJ_EFqDeJXJj3cNbTKOQt4m1zMwEZMG0-PJSggQQVD6-_Qf8Jif9sCv4NXC7A,1773573508736,1773574822725,1314,True,Darius,5,0,3,2026-03-15 11:40:22.725
EUW1_7780572531,9QU1RJrTmcqoiJUFdKJ_EFqDeJXJj3cNbTKOQt4m1zMwEZMG0-PJSggQQVD6-_Qf8Jif9sCv4NXC7A,1773570889975,1773572434261,1544,True,Kayle,5,3,9,2026-03-15 11:00:34.261
EUW1_7779192121,9QU1RJrTmcqoiJUFdKJ_EFqDeJXJj3cNbTKOQt4m1zMwEZMG0-PJSggQQVD6-_Qf8Jif9sCv4NXC7A,1773504601783,1773506849387,2247,True,Kayle,4,2,11,2026-03-14 16:47:29.387
EUW1_7779155128,9QU1RJrTmcqoiJUFdKJ_EFqDeJXJj3cNbTKOQt4m1zMwEZMG0-PJSggQQVD6-_Qf8Jif9sCv4NXC7A,1773503417216,1773504366594,949,True,Darius,8,1,2,2026-03-14 16:06:06.594
EUW1_7779064321,9QU1RJrTmcqoiJUFdKJ_EFqDeJXJj3cNbTKOQt4m1zMwEZMG0-PJSggQQVD6-_Qf8Jif9sCv4NXC7A,1773500305994,1773502414685,2109,False,Kayle,9,4,4,2026-03-14 15:33:34.685
EUW1_7779007206,9QU1RJrTmcqoiJUFdKJ_EFqDeJXJj3cNbTKOQt4m1zMwEZMG0-PJSggQQVD6-_Qf8Jif9sCv4NXC7A,1773498291637,1773499552928,1261,True,Darius,10,0,1,2026-03-14 14:45:52.928
EUW1_7778921634,9QU1RJrTmcqoiJUFdKJ_EFqDeJXJj3cNbTKOQt4m1zMwEZMG0-PJSggQQVD6-_Qf8Jif9sCv4NXC7A,1773494972410,1773497276258,2304,True,Kayle,9,4,10,2026-03-14 14:07:56.258
EUW1_7778831413,9QU1RJrTmcqoiJUFdKJ_EFqDeJXJj3cNbTKOQt4m1zMwEZMG0-PJSggQQVD6-_Qf8Jif9sCv4NXC7A,1773491751336,1773493867320,2116,False,Darius,9,7,5,2026-03-14 13:11:07.320
EUW1_7778796239,9QU1RJrTmcqoiJUFdKJ_EFqDeJXJj3cNbTKOQt4m1zMwEZMG0-PJSggQQVD6-_Qf8Jif9sCv4NXC7A,1773490013454,1773491137874,1124,True,Darius,3,1,3,2026-03-14 12:25:37.874
EUW1_7778745497,9QU1RJrTmcqoiJUFdKJ_EFqDeJXJj3cNbTKOQt4m1zMwEZMG0-PJSggQQVD6-_Qf8Jif9sCv4NXC7A,1773487359342,1773489126415,1767,True,Kayle,8,3,6,2026-03-14 11:52:06.415
EUW1_7778698942,9QU1RJrTmcqoiJUFdKJ_EFqDeJXJj3cNbTKOQt4m1zMwEZMG0-PJSggQQVD6-_Qf8Jif9sCv4NXC7A,1773485030878,1773486361785,1331,False,Veigar,2,2,0,2026-03-14 11:06:01.785
EUW1_7777280186,9QU1RJrTmcqoiJUFdKJ_EFqDeJXJj3cNbTKOQt4m1zMwEZMG0-PJSggQQVD6-_Qf8Jif9sCv4NXC7A,1773414780435,1773416492742,1712,False,Darius,7,6,2,2026-03-13 15:41:32.742
EUW1_7777215188,9QU1RJrTmcqoiJUFdKJ_EFqDeJXJj3cNbTKOQt4m1zMwEZMG0-PJSggQQVD6-_Qf8Jif9sCv4NXC7A,1773411928797,1773414266529,2338,False,Darius,7,6,8,2026-03-13 15:04:26.529
EUW1_7777175798,9QU1RJrTmcqoiJUFdKJ_EFqDeJXJj3cNbTKOQt4m1zMwEZMG0-PJSggQQVD6-_Qf8Jif9sCv4NXC7A,1773409928827,1773411640058,1711,True,Darius,24,0,2,2026-03-13 14:20:40.058
EUW1_7777097564,9QU1RJrTmcqoiJUFdKJ_EFqDeJXJj3cNbTKOQt4m1zMwEZMG0-PJSggQQVD6-_Qf8Jif9sCv4NXC7A,1773406009729,1773408482798,2473,False,Darius,9,5,5,2026-03-13 13:28:02.798
EUW1_7777051106,9QU1RJrTmcqoiJUFdKJ_EFqDeJXJj3cNbTKOQt4m1zMwEZMG0-PJSggQQVD6-_Qf8Jif9sCv4NXC7A,1773403852257,1773405338035,1486,True,Darius,7,1,3,2026-03-13 12:35:38.035
EUW1_7777006063,9QU1RJrTmcqoiJUFdKJ_EFqDeJXJj3cNbTKOQt4m1zMwEZMG0-PJSggQQVD6-_Qf8Jif9sCv4NXC7A,1773401235490,1773402741139,1505,True,Kayle,8,3,4,2026-03-13 11:52:21.139
EUW1_7776961910,9QU1RJrTmcqoiJUFdKJ_EFqDeJXJj3cNbTKOQt4m1zMwEZMG0-PJSggQQVD6-_Qf8Jif9sCv4NXC7A,1773398200568,1773400461629,2266,True,Darius,7,5,1,2026-03-13 11:14:21.629
EUW1_7776921928,9QU1RJrTmcqoiJUFdKJ_EFqDeJXJj3cNbTKOQt4m1zMwEZMG0-PJSggQQVD6-_Qf8Jif9sCv4NXC7A,1773395517960,1773397387698,1870,True,Darius,18,3,6,2026-03-13 10:23:07.698
EUW1_7775925421,9QU1RJrTmcqoiJUFdKJ_EFqDeJXJj3cNbTKOQt4m1zMwEZMG0-PJSggQQVD6-_Qf8Jif9sCv4NXC7A,1773339564667,1773341298587,1734,False,Kayle,2,4,0,2026-03-12 18:48:18.587
EUW1_7775884256,9QU1RJrTmcqoiJUFdKJ_EFqDeJXJj3cNbTKOQt4m1zMwEZMG0-PJSggQQVD6-_Qf8Jif9sCv4NXC7A,1773338011632,1773339260067,1248,True,Kayle,2,0,5,2026-03-12 18:14:20.067
EUW1_7775819449,9QU1RJrTmcqoiJUFdKJ_EFqDeJXJj3cNbTKOQt4m1zMwEZMG0-PJSggQQVD6-_Qf8Jif9sCv4NXC7A,1773335593970,1773337348840,1755,False,Darius,5,8,2,2026-03-12 17:42:28.840
EUW1_7775762854,9QU1RJrTmcqoiJUFdKJ_EFqDeJXJj3cNbTKOQt4m1zMwEZMG0-PJSggQQVD6-_Qf8Jif9sCv4NXC7A,1773333062958,1773335109811,2047,False,Darius,7,6,4,2026-03-12 17:05:09.811
EUW1_7775672957,9QU1RJrTmcqoiJUFdKJ_EFqDeJXJj3cNbTKOQt4m1zMwEZMG0-PJSggQQVD6-_Qf8Jif9sCv4NXC7A,1773329158050,1773331372123,2214,True,Kayle,8,5,5,2026-03-12 16:02:52.123
EUW1_7775637750,9QU1RJrTmcqoiJUFdKJ_EFqDeJXJj3cNbTKOQt4m1zMwEZMG0-PJSggQQVD6-_Qf8Jif9sCv4NXC7A,1773327513399,1773328734074,1220,True,Darius,8,1,0,2026-03-12 15:18:54.074
EUW1_7775585334,9QU1RJrTmcqoiJUFdKJ_EFqDeJXJj3cNbTKOQt4m1zMwEZMG0-PJSggQQVD6-_Qf8Jif9sCv4NXC7A,1773325076905,1773327088682,2012,True,Darius,6,2,2,2026-03-12 14:51:28.682
EUW1_7775563653,9QU1RJrTmcqoiJUFdKJ_EFqDeJXJj3cNbTKOQt4m1zMwEZMG0-PJSggQQVD6-_Qf8Jif9sCv4NXC7A,1773323725635,1773324637733,912,False,Jax,0,2,2,2026-03-12 14:10:37.733
EUW1_7775516380,9QU1RJrTmcqoiJUFdKJ_EFqDeJXJj3cNbTKOQt4m1zMwEZMG0-PJSggQQVD6-_Qf8Jif9sCv4NXC7A,1773321588104,1773323101009,1513,True,Darius,7,3,5,2026-03-12 13:45:01.009
EUW1_7775470921,9QU1RJrTmcqoiJUFdKJ_EFqDeJXJj3cNbTKOQt4m1zMwEZMG0-PJSggQQVD6-_Qf8Jif9sCv4NXC7A,1773318977966,1773321140794,2163,True,Veigar,11,3,10,2026-03-12 13:12:20.794
EUW1_7775423739,9QU1RJrTmcqoiJUFdKJ_EFqDeJXJj3cNbTKOQt4m1zMwEZMG0-PJSggQQVD6-_Qf8Jif9sCv4NXC7A,1773316062571,1773318512685,2450,False,Darius,6,6,2,2026-03-12 12:28:32.685
EUW1_7775385993,9QU1RJrTmcqoiJUFdKJ_EFqDeJXJj3cNbTKOQt4m1zMwEZMG0-PJSggQQVD6-_Qf8Jif9sCv4NXC7A,1773314086901,1773315553506,1466,True,DrMundo,7,2,5,2026-03-12 11:39:13.506
EUW1_7775341454,9QU1RJrTmcqoiJUFdKJ_EFqDeJXJj3cNbTKOQt4m1zMwEZMG0-PJSggQQVD6-_Qf8Jif9sCv4NXC7A,1773311389264,1773313634679,2245,False,Darius,12,2,5,2026-03-12 11:07:14.679
EUW1_7774158346,9QU1RJrTmcqoiJUFdKJ_EFqDeJXJj3cNbTKOQt4m1zMwEZMG0-PJSggQQVD6-_Qf8Jif9sCv4NXC7A,1773248766769,1773249879827,1113,False,Zaahen,1,8,4,2026-03-11 17:24:39.827
EUW1_7774087816,9QU1RJrTmcqoiJUFdKJ_EFqDeJXJj3cNbTKOQt4m1zMwEZMG0-PJSggQQVD6-_Qf8Jif9sCv4NXC7A,1773245923857,1773247907413,1983,True,Zaahen,4,3,6,2026-03-11 16:51:47.413
EUW1_7774055658,9QU1RJrTmcqoiJUFdKJ_EFqDeJXJj3cNbTKOQt4m1zMwEZMG0-PJSggQQVD6-_Qf8Jif9sCv4NXC7A,1773244485110,1773245606683,1121,True,Yorick,0,1,0,2026-03-11 16:13:26.683
EUW1_7774014765,9QU1RJrTmcqoiJUFdKJ_EFqDeJXJj3cNbTKOQt4m1zMwEZMG0-PJSggQQVD6-_Qf8Jif9sCv4NXC7A,1773242906353,1773244046484,1140,True,Darius,3,4,0,2026-03-11 15:47:26.484
EUW1_7773949606,9QU1RJrTmcqoiJUFdKJ_EFqDeJXJj3cNbTKOQt4m1zMwEZMG0-PJSggQQVD6-_Qf8Jif9sCv4NXC7A,1773240050684,1773241893812,1843,False,Olaf,10,7,4,2026-03-11 15:11:33.812
EUW1_7773890092,9QU1RJrTmcqoiJUFdKJ_EFqDeJXJj3cNbTKOQt4m1zMwEZMG0-PJSggQQVD6-_Qf8Jif9sCv4NXC7A,1773237491497,1773239681822,2190,True,Malphite,3,4,8,2026-03-11 14:34:41.822
EUW1_7773837920,9QU1RJrTmcqoiJUFdKJ_EFqDeJXJj3cNbTKOQt4m1zMwEZMG0-PJSggQQVD6-_Qf8Jif9sCv4NXC7A,1773234853673,1773236204485,1351,False,DrMundo,0,0,0,2026-03-11 13:36:44.485
EUW1_7773801951,9QU1RJrTmcqoiJUFdKJ_EFqDeJXJj3cNbTKOQt4m1zMwEZMG0-PJSggQQVD6-_Qf8Jif9sCv4NXC7A,1773232904856,1773234416230,1511,True,DrMundo,1,2,5,2026-03-11 13:06:56.230
EUW1_7773746249,9QU1RJrTmcqoiJUFdKJ_EFqDeJXJj3cNbTKOQt4m1zMwEZMG0-PJSggQQVD6-_Qf8Jif9sCv4NXC7A,1773229993311,1773232242584,2249,True,Jax,4,6,8,2026-03-11 12:30:42.584
EUW1_7773702332,9QU1RJrTmcqoiJUFdKJ_EFqDeJXJj3cNbTKOQt4m1zMwEZMG0-PJSggQQVD6-_Qf8Jif9sCv4NXC7A,1773227403827,1773229188336,1784,True,Darius,16,4,2,2026-03-11 11:39:48.336
EUW1_7773682828,9QU1RJrTmcqoiJUFdKJ_EFqDeJXJj3cNbTKOQt4m1zMwEZMG0-PJSggQQVD6-_Qf8Jif9sCv4NXC7A,1773225787882,1773227120834,1333,True,Darius,11,1,2,2026-03-11 11:05:20.834
EUW1_7773639868,9QU1RJrTmcqoiJUFdKJ_EFqDeJXJj3cNbTKOQt4m1zMwEZMG0-PJSggQQVD6-_Qf8Jif9sCv4NXC7A,1773223032977,1773225024674,1992,True,Darius,10,2,7,2026-03-11 10:30:24.674
EUW1_7772466087,9QU1RJrTmcqoiJUFdKJ_EFqDeJXJj3cNbTKOQt4m1zMwEZMG0-PJSggQQVD6-_Qf8Jif9sCv4NXC7A,1773160025634,1773161426478,1401,False,Darius,2,8,7,2026-03-10 16:50:26.478
EUW1_7772398894,9QU1RJrTmcqoiJUFdKJ_EFqDeJXJj3cNbTKOQt4m1zMwEZMG0-PJSggQQVD6-_Qf8Jif9sCv4NXC7A,1773157285990,1773159387182,2101,False,Kayle,9,4,7,2026-03-10 16:16:27.182
EUW1_7772332900,9QU1RJrTmcqoiJUFdKJ_EFqDeJXJj3cNbTKOQt4m1zMwEZMG0-PJSggQQVD6-_Qf8Jif9sCv4NXC7A,1773154555895,1773155934922,1379,True,Darius,15,1,4,2026-03-10 15:18:54.922
EUW1_7772284518,9QU1RJrTmcqoiJUFdKJ_EFqDeJXJj3cNbTKOQt4m1zMwEZMG0-PJSggQQVD6-_Qf8Jif9sCv4NXC7A,1773151977945,1773153380378,1402,False,Zaahen,3,5,4,2026-03-10 14:36:20.378
EUW1_7772252537,9QU1RJrTmcqoiJUFdKJ_EFqDeJXJj3cNbTKOQt4m1zMwEZMG0-PJSggQQVD6-_Qf8Jif9sCv4NXC7A,1773150436223,1773151537320,1101,True,Darius,3,2,3,2026-03-10 14:05:37.320
EUW1_7772214718,9QU1RJrTmcqoiJUFdKJ_EFqDeJXJj3cNbTKOQt4m1zMwEZMG0-PJSggQQVD6-_Qf8Jif9sCv4NXC7A,1773148507438,1773150196644,1689,False,Darius,8,6,3,2026-03-10 13:43:16.644
EUW1_7772166366,9QU1RJrTmcqoiJUFdKJ_EFqDeJXJj3cNbTKOQt4m1zMwEZMG0-PJSggQQVD6-_Qf8Jif9sCv4NXC7A,1773146231100,1773147832453,1601,False,Jax,1,5,2,2026-03-10 13:03:52.453
EUW1_7772106517,9QU1RJrTmcqoiJUFdKJ_EFqDeJXJj3cNbTKOQt4m1zMwEZMG0-PJSggQQVD6-_Qf8Jif9sCv4NXC7A,1773142427161,1773144259093,1832,False,Darius,5,6,5,2026-03-10 12:04:19.093
EUW1_7772068966,9QU1RJrTmcqoiJUFdKJ_EFqDeJXJj3cNbTKOQt4m1zMwEZMG0-PJSggQQVD6-_Qf8Jif9sCv4NXC7A,1773140126224,1773141432395,1306,True,Zaahen,6,2,4,2026-03-10 11:17:12.395
EUW1_7772029256,9QU1RJrTmcqoiJUFdKJ_EFqDeJXJj3cNbTKOQt4m1zMwEZMG0-PJSggQQVD6-_Qf8Jif9sCv4NXC7A,1773137420122,1773139358024,1938,True,Darius,5,3,4,2026-03-10 10:42:38.024
EUW1_7772005504,9QU1RJrTmcqoiJUFdKJ_EFqDeJXJj3cNbTKOQt4m1zMwEZMG0-PJSggQQVD6-_Qf8Jif9sCv4NXC7A,1773134816719,1773136723257,1906,True,Darius,8,0,2,2026-03-10 09:58:43.257
EUW1_7771042133,9QU1RJrTmcqoiJUFdKJ_EFqDeJXJj3cNbTKOQt4m1zMwEZMG0-PJSggQQVD6-_Qf8Jif9sCv4NXC7A,1773081403330,1773082986221,1583,True,Darius,7,6,5,2026-03-09 19:03:06.221
EUW1_7770958598,9QU1RJrTmcqoiJUFdKJ_EFqDeJXJj3cNbTKOQt4m1zMwEZMG0-PJSggQQVD6-_Qf8Jif9sCv4NXC7A,1773078466434,1773080131146,1665,True,Darius,11,3,1,2026-03-09 18:15:31.146
EUW1_7770858268,9QU1RJrTmcqoiJUFdKJ_EFqDeJXJj3cNbTKOQt4m1zMwEZMG0-PJSggQQVD6-_Qf8Jif9sCv4NXC7A,1773075033715,1773077373478,2340,True,Kayle,11,6,2,2026-03-09 17:29:33.478
EUW1_7770797134,9QU1RJrTmcqoiJUFdKJ_EFqDeJXJj3cNbTKOQt4m1zMwEZMG0-PJSggQQVD6-_Qf8Jif9sCv4NXC7A,1773072527297,1773073912859,1385,True,Darius,13,2,1,2026-03-09 16:31:52.859
EUW1_7770736854,9QU1RJrTmcqoiJUFdKJ_EFqDeJXJj3cNbTKOQt4m1zMwEZMG0-PJSggQQVD6-_Qf8Jif9sCv4NXC7A,1773069897519,1773071772153,1874,False,Darius,10,2,3,2026-03-09 15:56:12.153
EUW1_7770680652,9QU1RJrTmcqoiJUFdKJ_EFqDeJXJj3cNbTKOQt4m1zMwEZMG0-PJSggQQVD6-_Qf8Jif9sCv4NXC7A,1773067265042,1773068920044,1655,True,Kayle,7,1,9,2026-03-09 15:08:40.044
EUW1_7770618111,9QU1RJrTmcqoiJUFdKJ_EFqDeJXJj3cNbTKOQt4m1zMwEZMG0-PJSggQQVD6-_Qf8Jif9sCv4NXC7A,1773064444086,1773066137248,1693,False,Jax,1,4,2,2026-03-09 14:22:17.248
EUW1_7770575947,9QU1RJrTmcqoiJUFdKJ_EFqDeJXJj3cNbTKOQt4m1zMwEZMG0-PJSggQQVD6-_Qf8Jif9sCv4NXC7A,1773062406716,1773064055790,1649,True,Darius,5,2,5,2026-03-09 13:47:35.790
EUW1_7770526988,9QU1RJrTmcqoiJUFdKJ_EFqDeJXJj3cNbTKOQt4m1zMwEZMG0-PJSggQQVD6-_Qf8Jif9sCv4NXC7A,1773059665634,1773061181644,1516,True,Kayle,9,4,4,2026-03-09 12:59:41.644
EUW1_7770482638,9QU1RJrTmcqoiJUFdKJ_EFqDeJXJj3cNbTKOQt4m1zMwEZMG0-PJSggQQVD6-_Qf8Jif9sCv4NXC7A,1773057041601,1773058693481,1652,True,Darius,11,2,6,2026-03-09 12:18:13.481
EUW1_7768865506,9QU1RJrTmcqoiJUFdKJ_EFqDeJXJj3cNbTKOQt4m1zMwEZMG0-PJSggQQVD6-_Qf8Jif9sCv4NXC7A,1772979360542,1772981614757,2254,True,Darius,14,6,7,2026-03-08 14:53:34.757
EUW1_7768763814,9QU1RJrTmcqoiJUFdKJ_EFqDeJXJj3cNbTKOQt4m1zMwEZMG0-PJSggQQVD6-_Qf8Jif9sCv4NXC7A,1772975696716,1772977703684,2007,False,Zaahen,4,11,7,2026-03-08 13:48:23.684
EUW1_7768671971,9QU1RJrTmcqoiJUFdKJ_EFqDeJXJj3cNbTKOQt4m1zMwEZMG0-PJSggQQVD6-_Qf8Jif9sCv4NXC7A,1772971986085,1772974669378,2683,False,Darius,10,8,8,2026-03-08 12:57:49.378
EUW1_7768647563,9QU1RJrTmcqoiJUFdKJ_EFqDeJXJj3cNbTKOQt4m1zMwEZMG0-PJSggQQVD6-_Qf8Jif9sCv4NXC7A,1772970644537,1772971557406,913,True,Darius,4,1,3,2026-03-08 12:05:57.406
EUW1_7768596879,9QU1RJrTmcqoiJUFdKJ_EFqDeJXJj3cNbTKOQt4m1zMwEZMG0-PJSggQQVD6-_Qf8Jif9sCv4NXC7A,1772968469647,1772970085323,1616,True,Darius,4,2,2,2026-03-08 11:41:25.323
EUW1_7768563509,9QU1RJrTmcqoiJUFdKJ_EFqDeJXJj3cNbTKOQt4m1zMwEZMG0-PJSggQQVD6-_Qf8Jif9sCv4NXC7A,1772966515969,1772968172639,1656,True,Veigar,9,2,8,2026-03-08 11:09:32.639
EUW1_7768502662,9QU1RJrTmcqoiJUFdKJ_EFqDeJXJj3cNbTKOQt4m1zMwEZMG0-PJSggQQVD6-_Qf8Jif9sCv4NXC7A,1772963183614,1772965541722,2358,True,Veigar,7,1,4,2026-03-08 10:25:41.722
EUW1_7767211796,9QU1RJrTmcqoiJUFdKJ_EFqDeJXJj3cNbTKOQt4m1zMwEZMG0-PJSggQQVD6-_Qf8Jif9sCv4NXC7A,1772896845152,1772898833677,1988,True,Darius,13,3,6,2026-03-07 15:53:53.677
EUW1_7767173607,9QU1RJrTmcqoiJUFdKJ_EFqDeJXJj3cNbTKOQt4m1zMwEZMG0-PJSggQQVD6-_Qf8Jif9sCv4NXC7A,1772895400852,1772896313442,912,False,Darius,1,2,0,2026-03-07 15:11:53.442
EUW1_7767109383,9QU1RJrTmcqoiJUFdKJ_EFqDeJXJj3cNbTKOQt4m1zMwEZMG0-PJSggQQVD6-_Qf8Jif9sCv4NXC7A,1772893185851,1772894652480,1467,False,Jax,6,9,1,2026-03-07 14:44:12.480
EUW1_7767041473,9QU1RJrTmcqoiJUFdKJ_EFqDeJXJj3cNbTKOQt4m1zMwEZMG0-PJSggQQVD6-_Qf8Jif9sCv4NXC7A,1772890153738,1772892799638,2646,True,Darius,7,8,7,2026-03-07 14:13:19.638
EUW1_7766971509,9QU1RJrTmcqoiJUFdKJ_EFqDeJXJj3cNbTKOQt4m1zMwEZMG0-PJSggQQVD6-_Qf8Jif9sCv4NXC7A,1772887059133,1772888538020,1482,True,Darius,13,1,4,2026-03-07 13:02:18.020
EUW1_7766891154,9QU1RJrTmcqoiJUFdKJ_EFqDeJXJj3cNbTKOQt4m1zMwEZMG0-PJSggQQVD6-_Qf8Jif9sCv4NXC7A,1772883691507,1772885924499,2233,True,Zaahen,3,9,6,2026-03-07 12:18:44.499
EUW1_7766836443,9QU1RJrTmcqoiJUFdKJ_EFqDeJXJj3cNbTKOQt4m1zMwEZMG0-PJSggQQVD6-_Qf8Jif9sCv4NXC7A,1772881157350,1772882920493,1763,False,Veigar,2,5,5,2026-03-07 11:28:40.493
EUW1_7766788466,9QU1RJrTmcqoiJUFdKJ_EFqDeJXJj3cNbTKOQt4m1zMwEZMG0-PJSggQQVD6-_Qf8Jif9sCv4NXC7A,1772878134712,1772879864431,1730,True,Darius,9,3,5,2026-03-07 10:37:44.431
EUW1_7766748509,9QU1RJrTmcqoiJUFdKJ_EFqDeJXJj3cNbTKOQt4m1zMwEZMG0-PJSggQQVD6-_Qf8Jif9sCv4NXC7A,1772875760752,1772877382395,1621,False,Darius,5,2,0,2026-03-07 09:56:22.395
EUW1_7765539959,9QU1RJrTmcqoiJUFdKJ_EFqDeJXJj3cNbTKOQt4m1zMwEZMG0-PJSggQQVD6-_Qf8Jif9sCv4NXC7A,1772813671181,1772815173952,1503,True,Darius,8,2,5,2026-03-06 16:39:33.952
EUW1_7765466849,9QU1RJrTmcqoiJUFdKJ_EFqDeJXJj3cNbTKOQt4m1zMwEZMG0-PJSggQQVD6-_Qf8Jif9sCv4NXC7A,1772810729777,1772812329374,1599,True,Darius,6,5,8,2026-03-06 15:52:09.374
EUW1_7764078322,9QU1RJrTmcqoiJUFdKJ_EFqDeJXJj3cNbTKOQt4m1zMwEZMG0-PJSggQQVD6-_Qf8Jif9sCv4NXC7A,1772732823785,1772734506029,1682,True,Darius,7,2,7,2026-03-05 18:15:06.029
EUW1_7764011033,9QU1RJrTmcqoiJUFdKJ_EFqDeJXJj3cNbTKOQt4m1zMwEZMG0-PJSggQQVD6-_Qf8Jif9sCv4NXC7A,1772729961735,1772731789982,1828,False,Darius,5,1,2,2026-03-05 17:29:49.982
EUW1_7763930859,9QU1RJrTmcqoiJUFdKJ_EFqDeJXJj3cNbTKOQt4m1zMwEZMG0-PJSggQQVD6-_Qf8Jif9sCv4NXC7A,1772726510227,1772728645977,2136,False,Veigar,6,4,5,2026-03-05 16:37:25.977
EUW1_7763862064,9QU1RJrTmcqoiJUFdKJ_EFqDeJXJj3cNbTKOQt4m1zMwEZMG0-PJSggQQVD6-_Qf8Jif9sCv4NXC7A,1772723342337,1772725175248,1833,False,Darius,7,4,1,2026-03-05 15:39:35.248
EUW1_7763787320,9QU1RJrTmcqoiJUFdKJ_EFqDeJXJj3cNbTKOQt4m1zMwEZMG0-PJSggQQVD6-_Qf8Jif9sCv4NXC7A,1772719571228,1772721857450,2286,True,Darius,15,3,1,2026-03-05 14:44:17.450
EUW1_7763747405,9QU1RJrTmcqoiJUFdKJ_EFqDeJXJj3cNbTKOQt4m1zMwEZMG0-PJSggQQVD6-_Qf8Jif9sCv4NXC7A,1772717362838,1772718941558,1579,True,Kayle,1,2,4,2026-03-05 13:55:41.558
EUW1_7763705905,9QU1RJrTmcqoiJUFdKJ_EFqDeJXJj3cNbTKOQt4m1zMwEZMG0-PJSggQQVD6-_Qf8Jif9sCv4NXC7A,1772714457062,1772716345924,1889,False,Darius,5,6,0,2026-03-05 13:12:25.924
EUW1_7763676221,9QU1RJrTmcqoiJUFdKJ_EFqDeJXJj3cNbTKOQt4m1zMwEZMG0-PJSggQQVD6-_Qf8Jif9sCv4NXC7A,1772712548605,1772713919217,1370,True,Darius,6,0,0,2026-03-05 12:31:59.217
EUW1_7763637003,9QU1RJrTmcqoiJUFdKJ_EFqDeJXJj3cNbTKOQt4m1zMwEZMG0-PJSggQQVD6-_Qf8Jif9sCv4NXC7A,1772709198617,1772711208863,2010,True,Darius,9,5,10,2026-03-05 11:46:48.863
EUW1_7763609311,9QU1RJrTmcqoiJUFdKJ_EFqDeJXJj3cNbTKOQt4m1zMwEZMG0-PJSggQQVD6-_Qf8Jif9sCv4NXC7A,1772706832510,1772708682563,1850,False,Jax,4,11,1,2026-03-05 11:04:42.563
EUW1_7763594655,9QU1RJrTmcqoiJUFdKJ_EFqDeJXJj3cNbTKOQt4m1zMwEZMG0-PJSggQQVD6-_Qf8Jif9sCv4NXC7A,1772704885966,1772706075959,1190,False,Darius,3,6,2,2026-03-05 10:21:15.959
EUW1_7762553054,9QU1RJrTmcqoiJUFdKJ_EFqDeJXJj3cNbTKOQt4m1zMwEZMG0-PJSggQQVD6-_Qf8Jif9sCv4NXC7A,1772628963069,1772630841229,1878,False,Darius,3,6,9,2026-03-04 13:27:21.229
EUW1_7762532594,9QU1RJrTmcqoiJUFdKJ_EFqDeJXJj3cNbTKOQt4m1zMwEZMG0-PJSggQQVD6-_Qf8Jif9sCv4NXC7A,1772626847159,1772627815658,968,True,Jax,0,1,1,2026-03-04 12:36:55.658
EUW1_7762517501,9QU1RJrTmcqoiJUFdKJ_EFqDeJXJj3cNbTKOQt4m1zMwEZMG0-PJSggQQVD6-_Qf8Jif9sCv4NXC7A,1772625017627,1772626533992,1516,False,Nasus,4,11,6,2026-03-04 12:15:33.992
EUW1_7762478979,9QU1RJrTmcqoiJUFdKJ_EFqDeJXJj3cNbTKOQt4m1zMwEZMG0-PJSggQQVD6-_Qf8Jif9sCv4NXC7A,1772621297026,1772623946164,2649,True,Darius,18,6,8,2026-03-04 11:32:26.164
EUW1_7762459051,9QU1RJrTmcqoiJUFdKJ_EFqDeJXJj3cNbTKOQt4m1zMwEZMG0-PJSggQQVD6-_Qf8Jif9sCv4NXC7A,1772619050373,1772620251030,1200,True,Kayle,6,0,2,2026-03-04 10:30:51.030
EUW1_7762433144,9QU1RJrTmcqoiJUFdKJ_EFqDeJXJj3cNbTKOQt4m1zMwEZMG0-PJSggQQVD6-_Qf8Jif9sCv4NXC7A,1772616409279,1772618331287,1922,False,Darius,4,7,5,2026-03-04 09:58:51.287
EUW1_7761570101,9QU1RJrTmcqoiJUFdKJ_EFqDeJXJj3cNbTKOQt4m1zMwEZMG0-PJSggQQVD6-_Qf8Jif9sCv4NXC7A,1772549461202,1772551027055,1566,False,Darius,2,4,2,2026-03-03 15:17:07.055
EUW1_7761539723,9QU1RJrTmcqoiJUFdKJ_EFqDeJXJj3cNbTKOQt4m1zMwEZMG0-PJSggQQVD6-_Qf8Jif9sCv4NXC7A,1772547150511,1772548739269,1589,False,Darius,3,4,3,2026-03-03 14:38:59.269
EUW1_7761498643,9QU1RJrTmcqoiJUFdKJ_EFqDeJXJj3cNbTKOQt4m1zMwEZMG0-PJSggQQVD6-_Qf8Jif9sCv4NXC7A,1772544058509,1772546057377,1999,False,Darius,7,1,7,2026-03-03 13:54:17.377
EUW1_7761449222,9QU1RJrTmcqoiJUFdKJ_EFqDeJXJj3cNbTKOQt4m1zMwEZMG0-PJSggQQVD6-_Qf8Jif9sCv4NXC7A,1772540277867,1772541699715,1422,True,Jax,4,1,4,2026-03-03 12:41:39.715
EUW1_7761413086,9QU1RJrTmcqoiJUFdKJ_EFqDeJXJj3cNbTKOQt4m1zMwEZMG0-PJSggQQVD6-_Qf8Jif9sCv4NXC7A,1772536598990,1772538800981,2202,True,Darius,17,3,3,2026-03-03 11:53:20.981
EUW1_7761394227,9QU1RJrTmcqoiJUFdKJ_EFqDeJXJj3cNbTKOQt4m1zMwEZMG0-PJSggQQVD6-_Qf8Jif9sCv4NXC7A,1772534836723,1772535976637,1140,True,Darius,4,4,2,2026-03-03 11:06:16.637
EUW1_7761383883,9QU1RJrTmcqoiJUFdKJ_EFqDeJXJj3cNbTKOQt4m1zMwEZMG0-PJSggQQVD6-_Qf8Jif9sCv4NXC7A,1772533277387,1772533359586,82,True,Darius,0,0,0,2026-03-03 10:22:39.586
EUW1_7761373024,9QU1RJrTmcqoiJUFdKJ_EFqDeJXJj3cNbTKOQt4m1zMwEZMG0-PJSggQQVD6-_Qf8Jif9sCv4NXC7A,1772532103087,1772533027203,924,True,Darius,6,1,1,2026-03-03 10:17:07.203
EUW1_7761354804,9QU1RJrTmcqoiJUFdKJ_EFqDeJXJj3cNbTKOQt4m1zMwEZMG0-PJSggQQVD6-_Qf8Jif9sCv4NXC7A,1772529233626,1772530971462,1738,False,Darius,2,5,5,2026-03-03 09:42:51.462
EUW1_7760370089,9QU1RJrTmcqoiJUFdKJ_EFqDeJXJj3cNbTKOQt4m1zMwEZMG0-PJSggQQVD6-_Qf8Jif9sCv4NXC7A,1772467815359,1772469416573,1601,True,Darius,3,5,6,2026-03-02 16:36:56.573
EUW1_7760313897,9QU1RJrTmcqoiJUFdKJ_EFqDeJXJj3cNbTKOQt4m1zMwEZMG0-PJSggQQVD6-_Qf8Jif9sCv4NXC7A,1772465045762,1772466801174,1755,True,Darius,15,1,7,2026-03-02 15:53:21.174
EUW1_7760272195,9QU1RJrTmcqoiJUFdKJ_EFqDeJXJj3cNbTKOQt4m1zMwEZMG0-PJSggQQVD6-_Qf8Jif9sCv4NXC7A,1772462698878,1772464512629,1814,True,Kayle,2,3,6,2026-03-02 15:15:12.629
EUW1_7760233954,9QU1RJrTmcqoiJUFdKJ_EFqDeJXJj3cNbTKOQt4m1zMwEZMG0-PJSggQQVD6-_Qf8Jif9sCv4NXC7A,1772460521751,1772462374731,1853,False,Kayle,4,3,8,2026-03-02 14:39:34.731
EUW1_7760202149,9QU1RJrTmcqoiJUFdKJ_EFqDeJXJj3cNbTKOQt4m1zMwEZMG0-PJSggQQVD6-_Qf8Jif9sCv4NXC7A,1772458581991,1772460047673,1466,False,Darius,9,2,2,2026-03-02 14:00:47.673
EUW1_7760169517,9QU1RJrTmcqoiJUFdKJ_EFqDeJXJj3cNbTKOQt4m1zMwEZMG0-PJSggQQVD6-_Qf8Jif9sCv4NXC7A,1772456022056,1772458200043,2178,True,Darius,9,3,9,2026-03-02 13:30:00.043
EUW1_7760136189,9QU1RJrTmcqoiJUFdKJ_EFqDeJXJj3cNbTKOQt4m1zMwEZMG0-PJSggQQVD6-_Qf8Jif9sCv4NXC7A,1772454209473,1772455314685,1105,True,Darius,3,0,0,2026-03-02 12:41:54.685
EUW1_7760105398,9QU1RJrTmcqoiJUFdKJ_EFqDeJXJj3cNbTKOQt4m1zMwEZMG0-PJSggQQVD6-_Qf8Jif9sCv4NXC7A,1772452147059,1772453671104,1524,True,Darius,8,2,6,2026-03-02 12:14:31.104
EUW1_7758988046,9QU1RJrTmcqoiJUFdKJ_EFqDeJXJj3cNbTKOQt4m1zMwEZMG0-PJSggQQVD6-_Qf8Jif9sCv4NXC7A,1772387641626,1772389126932,1485,True,Veigar,8,2,6,2026-03-01 18:18:46.932
EUW1_7758929540,9QU1RJrTmcqoiJUFdKJ_EFqDeJXJj3cNbTKOQt4m1zMwEZMG0-PJSggQQVD6-_Qf8Jif9sCv4NXC7A,1772385526040,1772386950027,1424,True,Zaahen,5,1,6,2026-03-01 17:42:30.027
EUW1_7758869708,9QU1RJrTmcqoiJUFdKJ_EFqDeJXJj3cNbTKOQt4m1zMwEZMG0-PJSggQQVD6-_Qf8Jif9sCv4NXC7A,1772383632556,1772384984301,1352,True,Darius,10,2,0,2026-03-01 17:09:44.301
EUW1_7758815227,9QU1RJrTmcqoiJUFdKJ_EFqDeJXJj3cNbTKOQt4m1zMwEZMG0-PJSggQQVD6-_Qf8Jif9sCv4NXC7A,1772382019535,1772383385320,1366,True,Kayle,1,3,4,2026-03-01 16:43:05.320
EUW1_7758738752,9QU1RJrTmcqoiJUFdKJ_EFqDeJXJj3cNbTKOQt4m1zMwEZMG0-PJSggQQVD6-_Qf8Jif9sCv4NXC7A,1772379153815,1772381507921,2354,False,Darius,10,4,9,2026-03-01 16:11:47.921
EUW1_7758695272,9QU1RJrTmcqoiJUFdKJ_EFqDeJXJj3cNbTKOQt4m1zMwEZMG0-PJSggQQVD6-_Qf8Jif9sCv4NXC7A,1772378010914,1772378935469,924,True,Darius,5,0,6,2026-03-01 15:28:55.469
EUW1_7758635778,9QU1RJrTmcqoiJUFdKJ_EFqDeJXJj3cNbTKOQt4m1zMwEZMG0-PJSggQQVD6-_Qf8Jif9sCv4NXC7A,1772375845062,1772377470516,1625,False,Kayle,5,2,7,2026-03-01 15:04:30.516
EUW1_7758565343,9QU1RJrTmcqoiJUFdKJ_EFqDeJXJj3cNbTKOQt4m1zMwEZMG0-PJSggQQVD6-_Qf8Jif9sCv4NXC7A,1772373535892,1772375317814,1782,False,Darius,8,9,9,2026-03-01 14:28:37.814
EUW1_7758509703,9QU1RJrTmcqoiJUFdKJ_EFqDeJXJj3cNbTKOQt4m1zMwEZMG0-PJSggQQVD6-_Qf8Jif9sCv4NXC7A,1772371246724,1772373180917,1934,False,Darius,6,3,10,2026-03-01 13:53:00.917
EUW1_7758470249,9QU1RJrTmcqoiJUFdKJ_EFqDeJXJj3cNbTKOQt4m1zMwEZMG0-PJSggQQVD6-_Qf8Jif9sCv4NXC7A,1772369976897,1772370924881,948,False,Vladimir,1,3,1,2026-03-01 13:15:24.881
EUW1_7758409089,9QU1RJrTmcqoiJUFdKJ_EFqDeJXJj3cNbTKOQt4m1zMwEZMG0-PJSggQQVD6-_Qf8Jif9sCv4NXC7A,1772367491523,1772369508424,2017,False,Malphite,2,7,6,2026-03-01 12:51:48.424
EUW1_7758339159,9QU1RJrTmcqoiJUFdKJ_EFqDeJXJj3cNbTKOQt4m1zMwEZMG0-PJSggQQVD6-_Qf8Jif9sCv4NXC7A,1772364592434,1772366445291,1853,False,Camille,6,5,6,2026-03-01 12:00:45.291
EUW1_7758301467,9QU1RJrTmcqoiJUFdKJ_EFqDeJXJj3cNbTKOQt4m1zMwEZMG0-PJSggQQVD6-_Qf8Jif9sCv4NXC7A,1772362603589,1772364221989,1618,True,Kayle,1,7,6,2026-03-01 11:23:41.989
EUW1_7758251285,9QU1RJrTmcqoiJUFdKJ_EFqDeJXJj3cNbTKOQt4m1zMwEZMG0-PJSggQQVD6-_Qf8Jif9sCv4NXC7A,1772360482234,1772362008903,1527,True,Darius,11,2,4,2026-03-01 10:46:48.903
EUW1_7758212690,9QU1RJrTmcqoiJUFdKJ_EFqDeJXJj3cNbTKOQt4m1zMwEZMG0-PJSggQQVD6-_Qf8Jif9sCv4NXC7A,1772358358520,1772359936884,1578,True,Darius,5,2,0,2026-03-01 10:12:16.884
EUW1_7757010943,9QU1RJrTmcqoiJUFdKJ_EFqDeJXJj3cNbTKOQt4m1zMwEZMG0-PJSggQQVD6-_Qf8Jif9sCv4NXC7A,1772295467146,1772297158454,1691,False,Veigar,6,4,5,2026-02-28 16:45:58.454
EUW1_7756940623,9QU1RJrTmcqoiJUFdKJ_EFqDeJXJj3cNbTKOQt4m1zMwEZMG0-PJSggQQVD6-_Qf8Jif9sCv4NXC7A,1772292370606,1772294659515,2289,False,Darius,13,5,5,2026-02-28 16:04:19.515
EUW1_7756882584,9QU1RJrTmcqoiJUFdKJ_EFqDeJXJj3cNbTKOQt4m1zMwEZMG0-PJSggQQVD6-_Qf8Jif9sCv4NXC7A,1772289936859,1772291718223,1781,True,Darius,16,1,7,2026-02-28 15:15:18.223
